0,47.067138327,15.493479810,540.4141,20397.10,1161.30,44104.90
1,47.067140169,15.493479730,540.3723,20397.00,1161.30,44104.80
2,47.067151459,15.493483409,542.8695,20397.10,1161.30,44104.90
3,47.067152385,15.493481672,542.4526,20397.20,1161.20,44104.90
4,47.067150390,15.493479810,542.5705,20397.30,1161.20,44104.90
5,47.067145653,15.493477861,543.6955,20397.20,1161.20,44104.80
6,47.067142651,15.493481681,544.0623,20397.10,1161.20,44104.80
7,47.067148696,15.493485986,543.1567,20397.20,1161.20,44104.90
8,47.067147351,15.493483225,542.6003,20397.30,1161.20,44104.90
9,47.067142075,15.493478074,542.2837,20397.20,1161.10,44104.90
10,47.067140184,15.493479987,542.442,20397.20,1161.20,44104.90
11,47.067144152,15.493481670,542.8606,20397.30,1161.40,44104.80
12,47.067141899,15.493479940,543.8748,20397.80,1161.50,44104.80
13,47.067139916,15.493480726,543.7678,20398.20,1161.50,44104.70
14,47.067141494,15.493483288,543.625,20396.80,1161.90,44104.60
15,47.067137460,15.493479560,544.0153,20397.20,1161.90,44104.80
16,47.067139708,15.493482210,543.7728,20398.00,1161.50,44104.80
17,47.067146598,15.493486296,543.4943,20398.00,1161.60,44104.80
18,47.067146630,15.493490204,543.266,20397.70,1161.80,44104.70
19,47.067147428,15.493490898,543.1319,20397.60,1161.90,44104.70
20,47.067152488,15.493495625,542.438,20398.10,1162.10,44104.70
21,47.067143487,15.493485865,543.308,20398.40,1162.20,44104.60
22,47.067137358,15.493477721,544.3936,20398.80,1162.10,44104.60
23,47.067139688,15.493477422,544.218,20397.40,1162.40,44104.50
24,47.067139492,15.493475156,543.9168,20397.70,1162.50,44104.60
25,47.067141580,15.493478073,543.5667,20398.20,1162.00,44104.70
26,47.067144602,15.493485342,543.8175,20398.40,1161.80,44104.70
27,47.067143698,15.493486992,544.2166,20397.70,1162.10,44104.70
28,47.067147305,15.493490992,543.6341,20397.20,1162.40,44104.70
29,47.067148965,15.493495682,543.1911,20397.30,1162.30,44104.80
30,47.067140735,15.493483957,544.4262,20397.50,1162.00,44104.80
31,47.067140825,15.493484191,544.4031,20397.20,1162.00,44104.80
32,47.067141465,15.493483051,544.4028,20396.60,1162.00,44104.80
33,47.067147121,15.493488737,542.8028,20396.30,1162.20,44104.90
34,47.067140842,15.493482883,544.6151,20396.40,1162.10,44104.90
35,47.067142997,15.493482116,544.5896,20396.20,1162.30,44104.80
36,47.067140555,15.493478543,545.5833,20396.10,1162.50,44104.90
37,47.067141689,15.493477815,545.3171,20396.00,1162.60,44104.80
38,47.067145370,15.493482518,544.9467,20396.10,1162.60,44104.90
39,47.067144594,15.493484072,544.6162,20396.00,1162.50,44104.90
40,47.067142503,15.493479858,545.2688,20395.90,1162.40,44104.90
41,47.067139878,15.493479071,545.5866,20395.80,1162.40,44104.90
42,47.067137377,15.493478008,545.2665,20395.60,1162.30,44104.90
43,47.067139254,15.493477037,545.9134,20395.80,1162.40,44104.90
44,47.067137674,15.493475946,546.8865,20395.90,1162.50,44104.90
45,47.067135376,15.493477244,546.2409,20395.80,1162.60,44104.90
46,47.067136300,15.493472738,546.5643,20395.60,1162.80,44104.90
47,47.067132208,15.493471814,546.9303,20395.40,1162.90,44104.90
48,47.067133225,15.493475942,545.5026,20395.50,1162.90,44104.90
49,47.067138485,15.493476026,543.8605,20395.40,1163.00,44105.00
50,47.067142892,15.493478977,545.2683,20395.30,1163.00,44105.00
51,47.067142265,15.493481809,545.023,20395.10,1163.10,44104.90
52,47.067145821,15.493483079,543.3763,20395.00,1163.10,44104.90
53,47.067144064,15.493480703,545.3889,20395.00,1163.20,44104.90
54,47.067143727,15.493476384,545.3014,20395.10,1163.40,44104.90
55,47.067142286,15.493472884,546.2596,20395.10,1163.40,44104.90
56,47.067139513,15.493474023,547.0722,20395.10,1163.40,44104.90
57,47.067138186,15.493474936,546.6205,20395.10,1163.50,44104.90
58,47.067137233,15.493477521,545.2032,20395.10,1163.40,44104.90
59,47.067137700,15.493476617,544.7491,20395.10,1163.40,44104.90
60,47.067136590,15.493475368,545.4477,20395.00,1163.30,44104.90
61,47.067139168,15.493479874,545.3346,20394.90,1163.20,44104.90
62,47.067143096,15.493480678,545.0818,20394.80,1163.30,44104.90
63,47.067142242,15.493478571,545.5198,20394.90,1163.40,44104.90
64,47.067140554,15.493475341,546.0204,20395.00,1163.40,44104.90
65,47.067138353,15.493480871,544.4791,20395.00,1163.50,44104.90
66,47.067141323,15.493484832,544.4927,20395.00,1163.50,44104.90
67,47.067143832,15.493492028,544.1032,20395.00,1163.50,44104.90
68,47.067144770,15.493487709,543.7799,20395.10,1163.50,44104.90
69,47.067144997,15.493482126,544.4533,20395.10,1163.40,44104.90
70,47.067143350,15.493477076,546.2554,20395.00,1163.50,44104.90
71,47.067145119,15.493482268,545.225,20394.90,1163.50,44104.90
72,47.067149144,15.493486455,545.4219,20394.90,1163.70,44104.90
73,47.067146632,15.493487694,545.6095,20395.00,1163.80,44104.90
74,47.067145633,15.493482209,545.0096,20395.00,1163.90,44104.90
75,47.067148372,15.493480510,546.0977,20395.00,1163.90,44104.90
76,47.067151039,15.493481513,545.6486,20394.80,1164.00,44104.90
77,47.067149998,15.493478282,546.7907,20394.80,1164.00,44104.90
78,47.067148029,15.493475530,547.0558,20394.80,1164.00,44104.80
79,47.067146524,15.493475620,545.7324,20394.90,1164.10,44104.80
80,47.067149010,15.493479046,545.0192,20394.90,1164.10,44104.90
81,47.067149418,15.493484282,545.173,20394.90,1164.00,44104.90
82,47.067151837,15.493484620,545.2719,20394.90,1164.00,44104.90
83,47.067150093,15.493479419,544.2985,20395.00,1164.10,44104.90
84,47.067153165,15.493475279,544.6932,20395.10,1164.10,44104.90
85,47.067151786,15.493474546,545.1501,20395.20,1164.10,44104.90
86,47.067151868,15.493477092,546.1926,20395.10,1164.20,44104.90
87,47.067145135,15.493480490,545.7535,20395.20,1164.20,44104.90
88,47.067140414,15.493478449,544.2185,20395.30,1164.20,44104.90
89,47.067137844,15.493477435,543.6014,20395.20,1164.10,44104.90
90,47.067141017,15.493479429,543.9769,20395.30,1163.80,44104.90
91,47.067145930,15.493481728,544.7489,20395.40,1164.10,44104.80
92,47.067147113,15.493480545,544.3999,20395.30,1164.10,44104.80
93,47.067150501,15.493483923,544.7287,20395.50,1164.10,44104.80
94,47.067153096,15.493483097,545.6032,20395.70,1163.70,44104.90
95,47.067152435,15.493484838,544.7412,20395.80,1164.00,44104.80
96,47.067149279,15.493482733,543.9527,20395.80,1164.00,44104.90
97,47.067145026,15.493480852,543.8816,20395.70,1164.00,44104.90
98,47.067143890,15.493477199,543.2206,20396.00,1163.70,44104.90
99,47.067141936,15.493481135,542.9026,20396.00,1163.70,44104.90
100,47.067140307,15.493488868,543.4681,20396.00,1163.80,44105.00
101,47.067142965,15.493485582,544.8859,20395.90,1163.90,44105.00
102,47.067146180,15.493484234,543.1797,20395.90,1164.40,44104.90
103,47.067147926,15.493481636,543.4001,20396.00,1164.50,44104.90
104,47.067149260,15.493485640,544.9394,20396.00,1164.40,44104.90
105,47.067140579,15.493484858,544.6124,20396.00,1164.40,44105.00
106,47.067142288,15.493486022,545.0506,20396.10,1164.30,44104.90
107,47.067142757,15.493484331,544.3306,20396.10,1164.70,44104.90
108,47.067143667,15.493482436,542.8832,20396.00,1164.70,44104.90
109,47.067138775,15.493479459,542.8965,20396.10,1164.50,44104.90
110,47.067139671,15.493474812,542.7423,20396.20,1164.50,44104.90
111,47.067144728,15.493476766,542.1513,20396.20,1164.70,44104.90
112,47.067151933,15.493476975,543.3708,20396.00,1164.90,44104.80
113,47.067147960,15.493479326,543.1602,20396.20,1164.70,44104.90
114,47.067144061,15.493482343,542.44,20396.30,1164.70,44104.90
115,47.067146288,15.493485565,542.6222,20396.30,1164.80,44104.90
116,47.067145434,15.493488813,544.0821,20396.10,1165.00,44104.80
117,47.067143178,15.493487756,543.5005,20396.00,1165.10,44104.80
118,47.067139281,15.493478723,542.2218,20396.10,1165.20,44104.80
119,47.067141584,15.493479270,542.6564,20396.00,1165.00,44104.80
120,47.067144533,15.493482195,542.0527,20396.00,1165.00,44104.80
121,47.067139542,15.493482531,541.5096,20395.80,1165.00,44104.90
122,47.067140058,15.493479085,541.8155,20395.90,1165.10,44104.80
123,47.067149132,15.493479517,542.1373,20396.00,1165.00,44104.80
124,47.067149546,15.493481457,543.3672,20396.20,1164.80,44104.80
125,47.067143785,15.493482259,543.1262,20396.40,1164.70,44104.70
126,47.067142420,15.493485774,543.4938,20395.60,1165.60,44104.70
127,47.067141494,15.493482178,542.4614,20395.50,1165.50,44104.80
128,47.067139101,15.493482724,541.4101,20395.70,1165.00,44104.90
129,47.067140938,15.493481105,541.547,20395.90,1164.70,44104.90
130,47.067145114,15.493479597,541.4222,20396.40,1164.10,44104.90
131,47.067143504,15.493481048,541.5778,20396.30,1164.60,44104.80
132,47.067144677,15.493481450,541.9291,20395.80,1165.10,44104.80
133,47.067143253,15.493482969,542.5885,20395.70,1165.10,44104.80
134,47.067145910,15.493482728,542.9448,20395.80,1164.80,44104.90
135,47.067146063,15.493482593,543.2565,20396.30,1163.90,44105.00
136,47.067140812,15.493486535,543.2057,20396.50,1163.80,44105.00
137,47.067141603,15.493484821,542.62,20396.10,1164.50,44104.90
138,47.067141450,15.493486106,542.8425,20396.00,1164.60,44104.90
139,47.067135834,15.493487390,543.0315,20395.90,1164.50,44104.90
140,47.067135190,15.493486918,543.8728,20396.10,1163.90,44105.00
141,47.067139271,15.493484760,542.698,20396.00,1163.90,44105.00
142,47.067140240,15.493484789,542.0645,20395.70,1164.40,44104.90
143,47.067141266,15.493483896,541.1631,20395.40,1164.80,44104.90
144,47.067142618,15.493485112,540.5971,20395.30,1165.00,44104.90
145,47.067147124,15.493483711,541.0738,20395.40,1164.80,44104.90
146,47.067148532,15.493484688,541.3947,20395.40,1164.70,44105.00
147,47.067144832,15.493482744,542.0715,20395.40,1164.90,44104.90
148,47.067143483,15.493478205,542.1308,20395.40,1165.20,44104.90
149,47.067143063,15.493479165,542.142,20395.60,1165.30,44104.90
150,47.067146729,15.493477430,541.5748,20395.60,1165.10,44104.90
151,47.067143978,15.493478125,542.0714,20396.00,1165.20,44105.00
152,47.067141505,15.493480500,542.3316,20396.30,1165.10,44104.90
153,47.067140810,15.493481135,542.0689,20396.40,1165.30,44104.90
154,47.067137582,15.493481875,541.4606,20396.40,1165.20,44104.90
155,47.067133898,15.493485770,541.7052,20396.30,1164.80,44105.00
156,47.067133882,15.493485174,541.8589,20396.40,1164.50,44105.00
157,47.067133540,15.493482783,542.0542,20396.10,1164.90,44104.90
158,47.067136398,15.493485685,542.0033,20395.90,1165.20,44105.00
159,47.067141268,15.493480846,542.1872,20395.80,1165.40,44104.90
160,47.067145240,15.493482269,542.0235,20395.90,1165.60,44104.90
161,47.067141574,15.493479471,541.8689,20396.00,1165.40,44104.90
162,47.067140179,15.493480121,542.195,20396.20,1165.50,44104.90
163,47.067136628,15.493482492,542.2482,20396.10,1165.50,44104.90
164,47.067136381,15.493477462,541.2712,20396.00,1165.50,44104.90
165,47.067138245,15.493477504,541.1347,20396.00,1165.80,44104.90
166,47.067142995,15.493483208,541.6368,20396.30,1165.90,44104.90
167,47.067142379,15.493485645,541.3372,20396.40,1165.80,44104.90
168,47.067144853,15.493483002,540.6623,20396.20,1165.80,44104.90
169,47.067145949,15.493481288,541.2231,20396.00,1165.80,44105.00
170,47.067143991,15.493482672,542.1101,20396.20,1165.90,44105.00
171,47.067141331,15.493482240,541.9746,20396.40,1166.00,44105.00
172,47.067140161,15.493486181,541.4923,20396.20,1165.90,44104.90
173,47.067137692,15.493488073,541.5933,20396.20,1165.90,44105.00
174,47.067136555,15.493491922,542.1355,20396.10,1166.00,44104.90
175,47.067138482,15.493486481,542.3373,20396.00,1165.80,44105.00
176,47.067143520,15.493482188,541.9053,20395.90,1165.60,44105.00
177,47.067145058,15.493477587,541.6378,20395.80,1165.70,44105.00
178,47.067146239,15.493475854,541.5888,20395.50,1165.80,44105.00
179,47.067141035,15.493485590,542.067,20395.10,1166.10,44105.00
180,47.067140807,15.493484938,541.8093,20394.90,1166.60,44105.00
181,47.067140412,15.493483214,542.0681,20395.10,1166.70,44105.00
182,47.067139737,15.493478743,541.8504,20395.30,1166.70,44105.00
183,47.067141989,15.493475494,541.5026,20395.70,1166.80,44105.00
184,47.067143197,15.493479824,540.7034,20395.90,1166.70,44104.90
185,47.067146161,15.493479218,540.9966,20396.00,1166.40,44105.00
186,47.067145003,15.493480803,541.5225,20396.10,1166.00,44105.00
187,47.067144880,15.493481430,541.2409,20396.00,1165.90,44105.00
188,47.067145967,15.493482544,541.2517,20395.80,1165.90,44105.00
189,47.067150080,15.493477261,541.0926,20395.60,1166.10,44105.00
190,47.067146648,15.493477011,541.3702,20395.60,1166.20,44105.00
191,47.067144381,15.493479826,541.5877,20395.50,1166.00,44105.00
192,47.067138479,15.493484190,541.5419,20395.30,1165.90,44105.10
193,47.067135828,15.493483866,541.1317,20395.40,1166.00,44105.10
194,47.067138276,15.493479896,541.1976,20395.20,1166.10,44105.10
195,47.067139716,15.493476266,540.5184,20395.40,1166.60,44105.10
196,47.067138773,15.493479710,540.3826,20395.50,1166.50,44105.10
197,47.067143982,15.493474922,540.8487,20395.70,1166.30,44105.10
198,47.067147885,15.493474193,541.1944,20396.10,1166.20,44105.10
199,47.067145216,15.493475441,541.0974,20396.10,1165.80,44105.20
200,47.067143398,15.493478512,541.3988,20396.40,1165.80,44105.20
201,47.067141967,15.493479898,540.8635,20396.30,1165.50,44105.20
202,47.067140396,15.493479290,540.7353,20396.40,1165.60,44105.10
203,47.067137796,15.493481308,540.0897,20396.10,1165.50,44105.10
204,47.067137913,15.493479054,539.8001,20396.00,1165.50,44105.10
205,47.067137350,15.493479570,540.4137,20395.80,1165.60,44105.10
206,47.067140059,15.493475974,541.3186,20395.80,1165.80,44105.10
207,47.067140548,15.493476688,540.9266,20395.70,1166.00,44105.20
208,47.067140294,15.493476342,540.7191,20395.70,1166.30,44105.20
209,47.067137472,15.493473430,539.5235,20395.70,1166.40,44105.10
210,47.067134134,15.493473574,540.4952,20395.90,1166.40,44105.10
211,47.067135144,15.493472285,541.0943,20395.90,1166.40,44105.20
212,47.067134927,15.493472230,540.5388,20395.90,1166.30,44105.20
213,47.067134583,15.493471524,540.1905,20395.90,1166.30,44105.10
214,47.067137847,15.493469674,539.6213,20395.90,1166.40,44105.20
215,47.067137218,15.493474714,539.7933,20395.90,1166.50,44105.10
216,47.067136909,15.493484191,538.8484,20395.80,1166.60,44105.10
217,47.067136743,15.493485101,538.9697,20396.00,1166.70,44105.20
218,47.067135653,15.493482880,537.4484,20396.00,1166.40,44105.20
219,47.067135946,15.493479738,538.7691,20396.00,1166.30,44105.20
220,47.067133289,15.493480812,539.0138,20395.80,1166.20,44105.20
221,47.067131880,15.493477567,539.742,20395.70,1166.40,44105.30
222,47.067134536,15.493475871,540.3033,20395.60,1166.60,44105.30
223,47.067133892,15.493481327,540.0903,20395.70,1166.70,44105.30
224,47.067135197,15.493481838,540.2626,20395.80,1166.70,44105.30
225,47.067135331,15.493477382,540.8761,20395.70,1166.70,44105.30
226,47.067136391,15.493480646,540.6136,20395.80,1166.70,44105.20
227,47.067136626,15.493477341,540.5095,20395.90,1166.80,44105.30
228,47.067133582,15.493472267,541.4771,20395.90,1167.00,44105.30
229,47.067131656,15.493474764,541.1853,20396.00,1167.00,44105.30
230,47.067131845,15.493473363,540.3651,20396.10,1166.90,44105.30
231,47.067130145,15.493473980,539.5125,20396.30,1166.70,44105.30
232,47.067128552,15.493478924,539.7594,20396.20,1166.50,44105.40
233,47.067131715,15.493476392,540.0341,20396.00,1166.30,44105.40
234,47.067135818,15.493476451,540.0076,20395.80,1166.50,44105.40
235,47.067135207,15.493477928,539.7467,20395.70,1166.70,44105.40
236,47.067138874,15.493473176,539.9827,20395.60,1167.00,44105.40
237,47.067136493,15.493474469,539.9781,20395.60,1167.20,44105.40
238,47.067134792,15.493472614,539.6783,20395.60,1167.50,44105.30
239,47.067134464,15.493468776,540.2832,20395.60,1167.60,44105.30
240,47.067133343,15.493471678,541.8015,20395.90,1167.50,44105.40
241,47.067131876,15.493471267,541.4738,20396.10,1167.60,44105.30
242,47.067133506,15.493470783,541.2956,20395.90,1167.40,44105.30
243,47.067135862,15.493472748,541.5163,20396.00,1167.20,44105.30
244,47.067136089,15.493475159,541.6569,20396.00,1167.10,44105.40
245,47.067137106,15.493477196,541.6964,20395.90,1167.10,44105.40
246,47.067136459,15.493476056,541.4259,20395.90,1167.20,44105.30
247,47.067137182,15.493473069,541.8814,20395.80,1167.30,44105.30
248,47.067136596,15.493472867,542.0302,20395.60,1167.40,44105.30
249,47.067138236,15.493471459,541.4791,20395.50,1167.50,44105.40
250,47.067139452,15.493471255,541.8843,20395.60,1167.60,44105.40
251,47.067140135,15.493471907,544.0621,20395.50,1167.90,44105.40
252,47.067140001,15.493471030,543.4574,20395.70,1168.20,44105.40
253,47.067145946,15.493479948,544.8421,20395.70,1168.40,44105.30
254,47.067145442,15.493480040,544.8158,20395.90,1168.60,44105.30
255,47.067147535,15.493478161,545.4879,20395.90,1168.40,44105.30
256,47.067146025,15.493477310,544.4331,20396.10,1168.40,44105.30
257,47.067143922,15.493476539,544.7836,20395.90,1168.10,44105.30
258,47.067140980,15.493477127,545.1419,20395.90,1168.00,44105.40
259,47.067141741,15.493478357,545.1727,20395.80,1167.90,44105.40
260,47.067142817,15.493484357,544.841,20395.60,1168.00,44105.40
261,47.067143785,15.493482131,544.4422,20395.50,1168.10,44105.40
262,47.067144239,15.493475396,543.975,20395.40,1168.30,44105.40
263,47.067142448,15.493473725,544.0625,20395.40,1168.00,44105.50
264,47.067141305,15.493474069,543.2701,20395.30,1168.00,44105.50
265,47.067141848,15.493472977,543.6764,20395.40,1168.10,44105.50
266,47.067143409,15.493473003,544.164,20395.40,1168.10,44105.60
267,47.067142873,15.493476811,544.1204,20395.50,1167.90,44105.60
268,47.067141258,15.493477497,544.9246,20395.40,1167.80,44105.60
269,47.067140860,15.493473098,545.1684,20395.40,1168.00,44105.70
270,47.067141846,15.493473583,545.186,20395.10,1167.90,44105.70
271,47.067141468,15.493472782,545.2919,20395.10,1168.30,44105.70
272,47.067140380,15.493472635,544.6514,20395.30,1168.50,44105.70
273,47.067140631,15.493472594,544.4397,20395.30,1168.40,44105.80
274,47.067142912,15.493472686,544.1986,20395.40,1168.40,44105.60
275,47.067145430,15.493474482,544.1119,20395.50,1168.10,44105.70
276,47.067142048,15.493473871,544.9928,20395.60,1168.00,44105.70
277,47.067142614,15.493473270,544.6346,20395.60,1168.00,44105.70
278,47.067144930,15.493473956,544.9278,20395.50,1168.00,44105.80
279,47.067144882,15.493472516,544.0163,20395.40,1168.10,44105.80
280,47.067144037,15.493471620,543.7468,20395.60,1168.20,44105.80
281,47.067142886,15.493469138,544.6644,20395.40,1168.10,44105.80
282,47.067139636,15.493473144,544.7978,20395.20,1168.00,44105.80
283,47.067139368,15.493474800,544.7099,20395.10,1168.20,44105.80
284,47.067137601,15.493471918,545.3016,20395.10,1168.20,44105.90
285,47.067137809,15.493471474,545.1998,20395.10,1168.20,44105.90
286,47.067140089,15.493469651,545.2052,20395.30,1168.30,44105.90
287,47.067139999,15.493470179,545.5925,20395.20,1168.00,44105.90
288,47.067138508,15.493470187,545.1255,20395.10,1168.00,44106.00
289,47.067138702,15.493468101,544.9224,20395.20,1168.10,44105.90
290,47.067140771,15.493472859,544.5756,20395.10,1168.50,44105.90
291,47.067142280,15.493470820,544.2937,20395.20,1168.60,44105.90
292,47.067140249,15.493467777,544.2047,20395.40,1168.60,44106.00
293,47.067140594,15.493469821,543.7852,20395.40,1168.60,44106.10
294,47.067146115,15.493470354,543.8936,20395.40,1168.40,44106.00
295,47.067143571,15.493467953,544.8738,20395.40,1168.60,44106.00
296,47.067143736,15.493464233,545.5137,20395.30,1168.70,44106.10
297,47.067139375,15.493465291,545.812,20395.30,1168.80,44106.00
298,47.067139302,15.493458449,546.4855,20395.40,1169.00,44106.10
299,47.067137846,15.493454714,546.7087,20395.60,1169.20,44106.10
300,47.067136143,15.493456782,545.3673,20395.30,1169.00,44106.20
301,47.067144713,15.493476132,542.7203,20395.10,1168.90,44106.20
302,47.067146707,15.493477472,542.4367,20395.00,1169.00,44106.30
303,47.067151250,15.493479015,542.2186,20395.20,1169.40,44106.30
304,47.067153266,15.493479776,542.0267,20395.30,1169.70,44106.20
305,47.067153466,15.493478608,542.2169,20395.20,1169.90,44106.20
306,47.067152653,15.493479369,542.1342,20395.10,1170.10,44106.20
307,47.067150620,15.493475255,542.8418,20395.20,1170.10,44106.20
308,47.067148274,15.493468624,542.9728,20395.50,1169.90,44106.20
309,47.067145398,15.493465640,543.2158,20395.60,1169.80,44106.20
310,47.067146416,15.493463965,543.3065,20395.70,1169.60,44106.30
311,47.067146218,15.493467001,543.3974,20395.80,1169.70,44106.20
312,47.067146022,15.493473396,543.0966,20395.70,1169.70,44106.30
313,47.067153839,15.493473146,543.681,20395.70,1169.80,44106.40
314,47.067152975,15.493476463,544.2116,20395.50,1169.70,44106.50
315,47.067152157,15.493470855,543.5861,20395.50,1169.70,44106.50
316,47.067153497,15.493475903,542.6761,20395.60,1169.80,44106.40
317,47.067153571,15.493474349,542.9314,20395.40,1169.80,44106.60
318,47.067149184,15.493472402,543.1996,20395.00,1170.00,44106.70
319,47.067146681,15.493480611,544.7348,20394.70,1170.30,44106.70
320,47.067144338,15.493487976,545.7445,20394.90,1170.60,44106.70
321,47.067144314,15.493484542,545.1906,20394.90,1170.60,44106.60
322,47.067149208,15.493476081,544.4835,20395.00,1170.50,44106.80
323,47.067150932,15.493470516,543.5555,20395.10,1170.60,44106.80
324,47.067150584,15.493470686,543.0699,20395.20,1170.50,44106.90
325,47.067150391,15.493466071,543.356,20395.30,1170.60,44106.90
326,47.067146094,15.493466948,543.9671,20395.40,1170.80,44106.90
327,47.067144254,15.493477675,544.6745,20395.40,1171.00,44107.00
328,47.067149356,15.493481753,544.3646,20395.70,1171.20,44107.10
329,47.067145583,15.493485600,544.7082,20395.80,1171.30,44107.10
330,47.067141289,15.493487163,545.7278,20395.80,1171.10,44107.20
331,47.067142142,15.493481870,545.8263,20395.80,1171.30,44107.30
332,47.067145361,15.493472104,544.6117,20395.80,1171.40,44107.30
333,47.067147594,15.493470815,545.1127,20396.00,1171.60,44107.40
334,47.067142404,15.493472803,545.1849,20396.00,1171.80,44107.30
335,47.067142439,15.493473819,544.9684,20396.20,1171.90,44107.40
336,47.067145650,15.493477709,544.489,20396.10,1172.30,44107.40
337,47.067144151,15.493483438,543.8364,20396.20,1172.40,44107.50
338,47.067146158,15.493486519,543.5733,20396.20,1172.60,44107.60
339,47.067144740,15.493484936,544.1404,20396.10,1172.60,44107.60
340,47.067142338,15.493472853,544.3868,20396.30,1172.70,44107.70
341,47.067145398,15.493466723,544.4332,20396.20,1172.80,44107.90
342,47.067145189,15.493471382,544.3264,20396.20,1172.80,44107.90
343,47.067144247,15.493473539,544.4676,20396.50,1172.80,44107.90
344,47.067142802,15.493471012,544.6895,20396.70,1172.70,44108.00
345,47.067145361,15.493478442,544.5937,20396.60,1172.60,44108.00
346,47.067148464,15.493481839,544.2056,20396.60,1172.70,44108.10
347,47.067149076,15.493479536,544.546,20396.40,1172.80,44108.10
348,47.067145148,15.493478255,544.9889,20396.00,1172.90,44108.20
349,47.067142391,15.493475404,545.2928,20395.80,1173.40,44108.20
350,47.067139667,15.493476236,545.5206,20395.60,1174.00,44108.30
351,47.067140819,15.493464032,545.5705,20395.50,1174.40,44108.40
352,47.067138467,15.493463058,545.3119,20395.70,1174.10,44108.50
353,47.067139482,15.493459131,545.8686,20396.10,1173.30,44108.70
354,47.067138180,15.493460743,546.1058,20396.20,1173.30,44108.60
355,47.067140506,15.493461843,545.7973,20396.10,1173.50,44108.70
356,47.067144230,15.493462606,545.0905,20395.70,1173.90,44108.80
357,47.067141912,15.493468000,544.9572,20395.60,1173.80,44108.90
358,47.067140270,15.493465465,545.3203,20395.30,1174.10,44109.00
359,47.067140495,15.493466511,545.6777,20394.90,1174.70,44108.90
360,47.067144802,15.493466808,546.0706,20394.60,1175.00,44109.00
361,47.067142217,15.493469232,545.9882,20394.70,1175.30,44109.10
362,47.067139836,15.493467034,546.2572,20394.90,1175.40,44109.00
363,47.067139982,15.493465498,546.4889,20395.00,1175.70,44109.10
364,47.067138934,15.493463658,546.13,20395.00,1175.70,44109.20
365,47.067141368,15.493464907,546.0406,20394.90,1175.60,44109.30
366,47.067139222,15.493466436,546.0079,20395.00,1175.60,44109.30
367,47.067137144,15.493467169,546.252,20395.20,1175.80,44109.30
368,47.067133611,15.493463815,545.724,20395.20,1176.30,44109.50
369,47.067134007,15.493458383,545.8808,20395.00,1176.50,44109.50
370,47.067136877,15.493463090,546.1226,20394.60,1176.80,44109.50
371,47.067136311,15.493461076,545.457,20394.60,1176.90,44109.60
372,47.067136206,15.493463031,545.8456,20394.90,1177.00,44109.60
373,47.067135824,15.493462957,546.146,20394.90,1177.30,44109.60
374,47.067136129,15.493457981,546.149,20394.60,1177.70,44109.60
375,47.067131072,15.493458846,545.8726,20394.60,1177.90,44109.70
376,47.067132111,15.493461989,546.1584,20394.50,1178.20,44109.70
377,47.067133862,15.493461130,546.7104,20394.80,1177.60,44109.70
378,47.067136597,15.493462603,546.7231,20394.90,1177.30,44109.80
379,47.067135667,15.493457183,546.158,20394.80,1177.50,44109.90
380,47.067137390,15.493462641,546.3409,20394.50,1177.70,44109.80
381,47.067135282,15.493463842,546.7666,20394.40,1178.10,44109.80
382,47.067135176,15.493464615,546.6504,20394.60,1178.50,44109.90
383,47.067134930,15.493465661,547.0395,20394.10,1180.30,44109.80
384,47.067138022,15.493463708,547.3473,20393.20,1179.80,44109.90
385,47.067135790,15.493467786,546.8884,20394.40,1177.00,44110.30
386,47.067133924,15.493471539,547.3394,20394.70,1178.60,44110.10
387,47.067138491,15.493467392,546.8512,20394.10,1179.60,44110.00
388,47.067139379,15.493466318,545.8502,20393.80,1179.50,44110.10
389,47.067139646,15.493468763,545.6403,20393.90,1179.90,44110.10
390,47.067137912,15.493467267,546.4441,20394.20,1179.20,44110.20
391,47.067136830,15.493465718,546.2764,20394.00,1180.20,44110.10
392,47.067137579,15.493460968,545.9826,20393.40,1180.50,44110.20
393,47.067138489,15.493458056,545.8625,20393.20,1180.20,44110.30
394,47.067137362,15.493459354,545.9536,20393.60,1180.10,44110.30
395,47.067135016,15.493464619,546.1128,20393.60,1180.70,44110.20
396,47.067132634,15.493463765,546.5893,20393.30,1181.80,44110.00
397,47.067132968,15.493461848,545.4672,20393.20,1181.70,44110.10
398,47.067133328,15.493459712,545.5378,20393.30,1181.10,44110.20
399,47.067129524,15.493464548,546.5263,20393.40,1180.60,44110.30
400,47.067128043,15.493465819,547.0517,20393.40,1180.30,44110.40
401,47.067129612,15.493466259,546.6164,20393.30,1180.70,44110.30
402,47.067131240,15.493468025,545.819,20393.00,1180.60,44110.20
403,47.067135515,15.493465636,546.4021,20393.10,1180.80,44110.20
404,47.067135481,15.493464465,545.0573,20393.20,1180.60,44110.30
405,47.067139105,15.493467403,544.5031,20392.80,1181.20,44110.20
406,47.067135736,15.493471523,545.2021,20392.70,1181.50,44110.20
407,47.067133489,15.493473478,546.1755,20392.80,1181.90,44110.10
408,47.067135460,15.493468753,546.3687,20392.50,1182.90,44110.10
409,47.067135404,15.493470734,545.4781,20392.80,1181.60,44110.30
410,47.067135157,15.493466723,546.0202,20393.20,1180.70,44110.30
411,47.067135722,15.493462699,546.9641,20392.60,1182.10,44110.10
412,47.067136491,15.493468182,546.8557,20392.40,1182.00,44110.10
413,47.067134411,15.493465775,546.3699,20392.20,1182.10,44110.20
414,47.067134582,15.493462576,547.0948,20391.90,1182.40,44110.20
415,47.067133369,15.493463147,546.9215,20392.20,1181.80,44110.40
416,47.067134442,15.493466786,547.4313,20392.80,1181.30,44110.30
417,47.067135499,15.493469866,547.8814,20392.90,1181.20,44110.20
418,47.067136032,15.493469816,547.9654,20392.60,1182.30,44110.10
419,47.067134036,15.493473648,548.0138,20392.00,1182.70,44110.10
420,47.067133324,15.493472913,547.49,20392.00,1182.20,44110.20
421,47.067134360,15.493469953,547.2687,20392.00,1181.90,44110.20
422,47.067137586,15.493463320,546.5505,20391.90,1182.40,44110.10
423,47.067136923,15.493465647,546.1582,20391.50,1183.90,44109.90
424,47.067136507,15.493468641,546.2357,20391.60,1183.40,44110.00
425,47.067138890,15.493465282,546.1671,20392.20,1183.40,44110.00
426,47.067136904,15.493470183,545.9557,20392.00,1184.10,44109.80
427,47.067139155,15.493474150,546.7693,20391.90,1184.40,44109.70
428,47.067136830,15.493471260,547.1678,20391.60,1184.80,44109.70
429,47.067136751,15.493468861,548.2774,20391.50,1184.90,44109.70
430,47.067137353,15.493464129,548.3348,20391.80,1184.90,44109.60
431,47.067139714,15.493461839,546.9117,20391.90,1185.50,44109.50
432,47.067138180,15.493467296,546.8811,20391.80,1185.60,44109.30
433,47.067131629,15.493468924,547.3704,20391.60,1185.40,44109.30
434,47.067131757,15.493470157,547.0478,20391.90,1185.30,44109.40
435,47.067132858,15.493470207,546.6475,20392.30,1185.30,44109.30
436,47.067135413,15.493466835,546.937,20392.30,1184.90,44109.20
437,47.067134174,15.493466645,547.5623,20392.40,1184.50,44109.30
438,47.067138033,15.493459033,547.0382,20392.20,1184.90,44109.10
439,47.067140102,15.493456943,546.8987,20392.00,1185.40,44109.00
440,47.067139681,15.493463852,546.8048,20391.60,1185.70,44108.80
441,47.067138337,15.493464102,547.1915,20391.30,1186.00,44108.80
442,47.067135802,15.493462042,548.2678,20391.40,1185.90,44108.80
443,47.067136207,15.493465215,548.1034,20391.10,1186.20,44108.70
444,47.067137828,15.493465779,547.7204,20391.00,1186.10,44108.70
445,47.067135249,15.493462386,547.5504,20390.70,1186.70,44108.60
446,47.067134998,15.493460062,547.6804,20390.60,1187.00,44108.50
447,47.067136545,15.493464439,547.5498,20390.40,1187.00,44108.50
448,47.067136792,15.493469545,547.5155,20390.10,1187.20,44108.40
449,47.067135593,15.493471048,547.5846,20389.90,1187.30,44108.30
450,47.067132439,15.493465935,547.7779,20390.00,1187.30,44108.30
451,47.067132850,15.493461853,547.9639,20390.10,1187.50,44108.20
452,47.067133463,15.493460390,547.7596,20390.00,1187.60,44108.10
453,47.067133991,15.493460151,548.1058,20390.10,1187.80,44107.90
454,47.067134355,15.493464075,548.6481,20390.20,1188.20,44107.70
455,47.067136158,15.493467497,548.1694,20390.00,1188.20,44107.70
456,47.067138088,15.493467300,548.3256,20390.20,1187.60,44107.60
457,47.067134496,15.493462694,548.7047,20390.20,1186.70,44107.70
458,47.067133064,15.493458177,548.5431,20389.90,1186.50,44107.70
459,47.067136682,15.493451494,547.272,20389.40,1186.00,44107.50
460,47.067136548,15.493454306,547.124,20389.10,1186.10,44107.50
461,47.067137444,15.493457101,547.0989,20389.00,1186.40,44107.50
462,47.067135652,15.493461538,547.4743,20388.90,1185.90,44107.50
463,47.067133101,15.493460006,548.1167,20388.60,1187.00,44107.30
464,47.067133744,15.493461617,548.6077,20388.70,1187.60,44107.10
465,47.067125366,15.493466041,546.3404,20388.80,1187.00,44107.00
466,47.067125571,15.493461835,546.8104,20388.70,1186.60,44107.00
467,47.067129149,15.493460344,546.9494,20388.70,1187.00,44106.70
468,47.067130244,15.493458947,547.8359,20388.40,1187.70,44106.60
469,47.067133167,15.493460179,547.2821,20387.70,1187.80,44106.50
470,47.067138268,15.493459795,547.1427,20387.10,1187.20,44106.50
471,47.067138323,15.493456077,548.3147,20386.80,1186.70,44106.60
472,47.067136134,15.493458536,547.9715,20386.50,1186.50,44106.60
473,47.067136917,15.493460808,547.4989,20386.30,1186.60,44106.30
474,47.067135276,15.493459165,547.6696,20386.20,1187.00,44106.20
475,47.067135797,15.493455493,548.4767,20386.10,1187.10,44106.10
476,47.067137889,15.493453507,549.3458,20386.00,1187.10,44105.90
477,47.067135994,15.493452043,549.3682,20386.00,1187.30,44105.80
478,47.067135187,15.493453655,548.6031,20386.10,1187.30,44105.70
479,47.067130866,15.493452754,548.4836,20386.30,1187.40,44105.60
480,47.067131597,15.493455929,548.2082,20386.20,1187.50,44105.40
481,47.067131987,15.493458067,547.1651,20386.20,1187.40,44105.30
482,47.067130070,15.493454948,547.0751,20386.20,1187.30,44105.20
483,47.067129823,15.493452979,548.0388,20386.20,1187.30,44105.10
484,47.067130484,15.493454970,547.8848,20386.10,1187.20,44105.00
485,47.067128954,15.493452860,548.5901,20386.00,1187.50,44104.90
486,47.067129842,15.493453475,549.1417,20386.00,1187.80,44104.70
487,47.067135106,15.493452822,549.5903,20386.00,1187.90,44104.60
488,47.067134268,15.493448667,549.4278,20385.90,1187.70,44104.60
489,47.067133732,15.493446972,548.998,20385.90,1187.50,44104.40
490,47.067136807,15.493448893,548.9508,20386.00,1187.30,44104.40
491,47.067136302,15.493454546,549.6581,20385.90,1187.20,44104.20
492,47.067133829,15.493455097,549.3167,20385.80,1187.10,44104.10
493,47.067131264,15.493450687,549.4999,20385.70,1187.00,44104.00
494,47.067131761,15.493451386,550.0452,20385.50,1187.10,44103.90
495,47.067135115,15.493453409,550.4204,20385.30,1187.00,44103.70
496,47.067131877,15.493451913,550.3533,20385.20,1187.00,44103.60
497,47.067132247,15.493455294,549.8077,20385.00,1187.10,44103.50
498,47.067137193,15.493452119,550.5281,20385.00,1187.20,44103.40
499,47.067133073,15.493451629,550.5605,20385.10,1187.00,44103.20
500,47.067133012,15.493455021,550.7516,20385.20,1187.00,44103.20
501,47.067134303,15.493452114,550.9876,20385.40,1187.00,44103.00
502,47.067135357,15.493450188,550.9187,20385.20,1187.20,44102.70
503,47.067136135,15.493449213,550.784,20385.10,1187.10,44102.60
504,47.067133655,15.493448454,550.8079,20384.80,1186.80,44102.50
505,47.067137666,15.493445640,551.8066,20384.80,1186.50,44102.40
506,47.067135751,15.493446000,552.3675,20384.70,1186.60,44102.20
507,47.067135416,15.493447356,551.9074,20384.50,1186.50,44102.00
508,47.067136622,15.493443216,551.2965,20384.50,1186.60,44101.90
509,47.067134420,15.493442322,551.1156,20384.40,1186.60,44101.60
510,47.067130200,15.493442808,551.3023,20384.20,1186.50,44101.50
511,47.067131783,15.493445488,551.5957,20384.10,1186.40,44101.30
512,47.067132684,15.493451476,551.5675,20384.30,1186.40,44101.10
513,47.067134733,15.493454185,551.7203,20384.10,1186.30,44100.90
514,47.067137603,15.493449991,552.0465,20384.20,1186.10,44100.60
515,47.067137692,15.493449877,551.9974,20384.20,1185.90,44100.40
516,47.067123060,15.493442094,553.5901,20384.00,1185.60,44100.30
517,47.067129489,15.493441190,553.1983,20383.90,1185.30,44100.00
518,47.067139385,15.493461346,550.8407,20383.70,1185.00,44099.80
519,47.067141039,15.493462287,550.8167,20383.40,1184.80,44099.60
520,47.067139199,15.493461863,551.0436,20383.30,1184.60,44099.40
521,47.067136286,15.493459511,550.8739,20383.00,1184.40,44099.10
522,47.067133543,15.493456176,551.1012,20382.80,1184.30,44098.90
523,47.067133824,15.493454509,551.5489,20382.70,1184.20,44098.80
524,47.067144210,15.493461017,550.7386,20382.70,1183.90,44098.50
525,47.067142324,15.493469551,549.7485,20382.60,1183.80,44098.30
526,47.067135513,15.493466685,550.3454,20382.40,1183.50,44098.00
527,47.067139511,15.493458493,551.5297,20382.30,1183.40,44097.80
528,47.067139489,15.493459901,551.303,20382.40,1183.30,44097.60
529,47.067137051,15.493466331,550.38,20382.30,1183.10,44097.20
530,47.067138374,15.493465790,550.1991,20382.20,1182.80,44096.90
531,47.067147992,15.493462627,551.2811,20382.20,1182.50,44096.60
532,47.067144103,15.493461388,550.7198,20382.20,1182.30,44096.40
533,47.067145035,15.493461661,551.1204,20382.20,1182.20,44096.20
534,47.067141612,15.493465363,551.9087,20382.00,1181.80,44096.10
535,47.067140134,15.493466808,552.0968,20381.80,1181.40,44095.80
536,47.067144285,15.493469571,551.402,20381.40,1181.10,44095.70
537,47.067145203,15.493470265,551.2751,20381.00,1180.50,44095.60
538,47.067145409,15.493469322,551.0443,20380.70,1180.20,44095.50
539,47.067141227,15.493467192,551.0413,20380.40,1179.80,44095.30
540,47.067136478,15.493470604,551.0948,20380.20,1179.40,44095.20
541,47.067135471,15.493468109,550.3894,20380.20,1179.10,44095.00
542,47.067139735,15.493467951,549.0344,20380.20,1178.90,44094.80
543,47.067136621,15.493470587,549.8074,20380.30,1178.80,44094.50
544,47.067137762,15.493469416,550.7154,20380.10,1178.90,44094.30
545,47.067144351,15.493471398,550.0461,20380.10,1178.90,44094.00
546,47.067150577,15.493478954,549.26,20380.30,1178.50,44093.80
547,47.067147542,15.493477142,550.0856,20380.30,1178.00,44093.60
548,47.067143222,15.493472036,550.8842,20380.40,1177.50,44093.40
549,47.067141554,15.493467900,551.1264,20380.40,1176.90,44093.30
550,47.067136053,15.493460152,551.6608,20380.30,1176.30,44093.30
551,47.067134295,15.493464829,552.047,20380.00,1175.80,44093.30
552,47.067137289,15.493467793,551.5212,20379.90,1175.40,44093.20
553,47.067138803,15.493469612,551.3146,20379.80,1174.80,44093.10
554,47.067138606,15.493469851,551.2947,20379.80,1174.40,44092.90
555,47.067143057,15.493469955,550.2542,20379.80,1173.80,44092.90
556,47.067141047,15.493466140,550.4956,20379.80,1173.40,44092.80
557,47.067139016,15.493463696,551.4499,20380.00,1172.90,44092.70
558,47.067134828,15.493467234,551.7823,20380.10,1172.60,44092.70
559,47.067131208,15.493461723,551.8752,20380.10,1172.30,44092.50
560,47.067129297,15.493457650,551.6719,20380.10,1172.00,44092.40
561,47.067129056,15.493458923,551.2201,20380.00,1171.70,44092.40
562,47.067130044,15.493458817,551.3419,20379.80,1171.20,44092.30
563,47.067131611,15.493459157,551.6618,20379.70,1170.80,44092.10
564,47.067134577,15.493462411,551.6658,20379.50,1170.30,44092.10
565,47.067136881,15.493461964,552.3375,20379.40,1169.80,44092.00
566,47.067135120,15.493463545,553.3825,20379.30,1169.40,44091.90
567,47.067137787,15.493461456,553.4576,20379.00,1169.10,44091.80
568,47.067138395,15.493460128,551.7153,20379.00,1168.70,44091.80
569,47.067138160,15.493459812,551.3864,20378.90,1168.40,44091.70
570,47.067140754,15.493461737,551.9856,20378.80,1168.20,44091.50
571,47.067139683,15.493467359,552.2795,20378.90,1167.90,44091.40
572,47.067136194,15.493467598,552.6342,20378.90,1167.40,44091.30
573,47.067135946,15.493462957,553.637,20378.80,1167.10,44091.10
574,47.067135904,15.493463814,553.4287,20378.70,1166.70,44091.10
575,47.067136459,15.493461368,552.3608,20378.50,1166.30,44091.00
576,47.067134402,15.493457887,552.2516,20378.30,1165.90,44090.90
577,47.067132576,15.493459238,552.04,20378.30,1165.70,44090.80
578,47.067130724,15.493462154,552.2735,20378.20,1165.50,44090.60
579,47.067132147,15.493462290,553.5884,20378.00,1165.00,44090.40
580,47.067133332,15.493461938,553.7125,20378.00,1164.80,44090.30
581,47.067134588,15.493460106,553.471,20377.80,1164.40,44090.20
582,47.067133360,15.493462178,553.5976,20377.90,1164.10,44090.10
583,47.067135572,15.493463592,554.4024,20378.00,1163.60,44090.00
584,47.067138917,15.493458185,554.9586,20377.90,1163.00,44089.90
585,47.067138794,15.493457615,554.7405,20377.90,1162.40,44089.80
586,47.067139039,15.493456563,554.5788,20377.90,1162.00,44089.70
587,47.067137573,15.493456483,554.834,20377.80,1161.70,44089.60
588,47.067140010,15.493459493,554.8636,20377.80,1161.40,44089.50
589,47.067140411,15.493463147,555.2681,20377.60,1161.00,44089.40
590,47.067141869,15.493461513,554.6018,20377.60,1160.60,44089.30
591,47.067140669,15.493462066,554.2596,20377.70,1160.10,44089.10
592,47.067149993,15.493465008,556.2106,20377.90,1159.40,44089.10
593,47.067151097,15.493465264,555.6942,20378.20,1159.00,44089.00
594,47.067144789,15.493465037,556.7639,20378.20,1158.50,44088.90
595,47.067142467,15.493462041,557.1505,20378.10,1157.90,44088.80
596,47.067144004,15.493457846,556.1227,20378.00,1157.30,44088.70
597,47.067144020,15.493460708,555.8926,20377.90,1156.60,44088.60
598,47.067148783,15.493466019,555.4984,20377.70,1156.20,44088.50
599,47.067150356,15.493469147,555.8337,20377.60,1155.80,44088.50
600,47.067149003,15.493471524,555.8268,20377.40,1155.40,44088.40
601,47.067143658,15.493469061,556.0103,20377.50,1155.10,44088.30
602,47.067143709,15.493465692,555.344,20377.60,1154.70,44088.20
603,47.067145331,15.493461192,555.6439,20377.70,1154.30,44088.10
604,47.067146231,15.493457908,555.718,20377.80,1153.70,44088.00
605,47.067144374,15.493460442,556.3972,20377.80,1153.50,44088.00
606,47.067147588,15.493465159,556.078,20377.80,1153.20,44087.80
607,47.067150381,15.493467307,555.6367,20377.90,1152.70,44087.70
608,47.067158145,15.493468750,554.8711,20377.90,1152.10,44087.70
609,47.067155480,15.493463262,554.886,20377.90,1151.60,44087.60
610,47.067148635,15.493473034,554.4021,20377.70,1151.40,44087.50
611,47.067146699,15.493467330,555.013,20377.50,1151.00,44087.40
612,47.067144383,15.493472288,555.5745,20377.40,1150.60,44087.30
613,47.067144567,15.493474666,555.7674,20377.10,1150.10,44087.30
614,47.067147526,15.493475778,555.5496,20377.00,1149.70,44087.20
615,47.067149759,15.493474836,555.3603,20377.10,1149.20,44087.10
616,47.067150370,15.493476589,554.8943,20377.00,1148.80,44086.90
617,47.067149993,15.493475152,554.5512,20377.20,1148.50,44086.90
618,47.067154800,15.493469917,553.7774,20377.50,1148.20,44086.90
619,47.067154221,15.493469762,553.4021,20377.60,1147.90,44086.70
620,47.067150501,15.493472214,553.337,20377.60,1147.60,44086.60
621,47.067147976,15.493475591,553.4173,20377.60,1147.20,44086.50
622,47.067147640,15.493479527,553.3217,20377.70,1146.70,44086.40
623,47.067147212,15.493476159,553.9619,20377.60,1146.20,44086.40
624,47.067148689,15.493474889,554.3696,20377.70,1145.80,44086.40
625,47.067150149,15.493475638,553.9116,20377.80,1145.30,44086.40
626,47.067151323,15.493477762,553.2107,20377.70,1144.80,44086.30
627,47.067152563,15.493474537,553.3296,20377.90,1144.30,44086.30
628,47.067155500,15.493471080,552.318,20378.20,1143.90,44086.30
629,47.067153454,15.493470148,552.5007,20378.50,1143.50,44086.20
630,47.067151583,15.493472728,552.4417,20378.50,1142.90,44086.10
631,47.067153058,15.493472390,552.3364,20378.80,1142.50,44086.10
632,47.067152621,15.493474634,552.2424,20378.90,1142.10,44086.00
633,47.067152732,15.493482109,552.0822,20379.20,1141.70,44086.10
634,47.067150946,15.493479360,552.8114,20379.10,1141.20,44086.10
635,47.067151997,15.493475385,552.7731,20379.20,1140.80,44086.10
636,47.067152296,15.493473454,552.5883,20379.40,1140.30,44086.20
637,47.067152222,15.493469306,552.6507,20379.30,1139.90,44086.20
638,47.067151661,15.493471672,551.9474,20379.30,1139.60,44086.20
639,47.067144420,15.493480326,553.1962,20379.30,1139.30,44086.10
640,47.067145145,15.493477997,552.9899,20379.30,1139.00,44086.20
641,47.067146520,15.493477869,552.8141,20379.10,1139.00,44086.10
642,47.067147451,15.493476519,553.1639,20378.90,1138.90,44086.10
643,47.067149827,15.493470628,552.7412,20378.80,1138.80,44086.10
644,47.067152630,15.493469159,552.8454,20379.00,1138.40,44086.20
645,47.067151379,15.493474399,552.4098,20379.00,1138.10,44086.20
646,47.067147530,15.493478056,551.9237,20379.10,1137.90,44086.30
647,47.067145438,15.493475612,551.9389,20379.30,1137.70,44086.30
648,47.067142639,15.493478802,552.3521,20379.20,1137.30,44086.20
649,47.067140788,15.493483609,552.1868,20379.20,1137.00,44086.20
650,47.067139132,15.493484617,552.2526,20379.10,1137.00,44086.10
651,47.067141361,15.493482777,552.4006,20379.10,1136.70,44086.10
652,47.067143252,15.493481523,552.6961,20379.10,1136.50,44086.20
653,47.067144726,15.493480727,551.905,20379.10,1136.20,44086.20
654,47.067146666,15.493475819,551.9516,20379.00,1135.90,44086.20
655,47.067147234,15.493477449,552.062,20379.10,1135.50,44086.30
656,47.067145068,15.493482404,551.812,20379.00,1135.30,44086.30
657,47.067145907,15.493476092,552.4891,20378.80,1135.50,44086.30
658,47.067144725,15.493476600,551.5228,20378.30,1135.70,44086.30
659,47.067144209,15.493480039,551.4247,20378.10,1135.70,44086.40
660,47.067146418,15.493484871,551.3716,20378.00,1135.40,44086.40
661,47.067143253,15.493484052,551.2749,20377.90,1135.10,44086.50
662,47.067144039,15.493479731,551.9394,20377.90,1134.70,44086.50
663,47.067147814,15.493471714,552.1327,20377.70,1134.30,44086.50
664,47.067150882,15.493468549,552.3419,20377.30,1134.30,44086.70
665,47.067148378,15.493477060,552.4187,20377.30,1134.10,44086.80
666,47.067147771,15.493479184,552.7238,20377.20,1134.00,44086.80
667,47.067148258,15.493482111,552.1374,20377.10,1134.10,44086.80
668,47.067148483,15.493483817,552.3833,20377.30,1134.00,44086.90
669,47.067148924,15.493482643,552.4057,20377.10,1133.80,44087.00
670,47.067150755,15.493479526,553.6374,20377.00,1133.60,44087.00
671,47.067156299,15.493474574,553.7905,20377.00,1133.50,44087.00
672,47.067155816,15.493477791,553.4144,20376.90,1133.50,44087.10
673,47.067154129,15.493482013,553.0598,20376.70,1133.50,44087.10
674,47.067155297,15.493478034,553.543,20376.70,1133.30,44087.20
675,47.067156010,15.493475210,553.9254,20376.60,1133.20,44087.30
676,47.067157225,15.493470412,554.2945,20376.40,1133.30,44087.30
677,47.067161615,15.493469210,554.1143,20376.30,1133.60,44087.30
678,47.067164399,15.493469878,553.8836,20376.20,1133.60,44087.40
679,47.067163222,15.493472985,553.899,20376.20,1133.50,44087.40
680,47.067164787,15.493467622,555.0893,20376.20,1133.40,44087.50
681,47.067164436,15.493467868,555.2315,20376.30,1133.30,44087.60
682,47.067162460,15.493471634,554.3325,20376.40,1133.30,44087.60
683,47.067163749,15.493466931,554.1498,20376.20,1133.20,44087.60
684,47.067169593,15.493463898,555.4557,20376.20,1133.30,44087.70
685,47.067172099,15.493463071,556.2781,20376.30,1133.30,44087.70
686,47.067165144,15.493484206,551.1058,20376.40,1133.20,44087.80
687,47.067164250,15.493481804,550.8202,20376.70,1133.00,44087.90
688,47.067166555,15.493483113,551.5115,20376.70,1132.90,44088.00
689,47.067166742,15.493482787,552.0944,20376.70,1132.90,44088.00
690,47.067164521,15.493488689,550.5329,20376.80,1132.80,44088.10
691,47.067166843,15.493484069,551.1118,20376.90,1132.70,44088.10
692,47.067160602,15.493484784,551.2049,20377.10,1132.60,44088.20
693,47.067160130,15.493483649,551.4827,20377.30,1132.20,44088.40
694,47.067163612,15.493484014,551.1206,20377.40,1132.00,44088.50
695,47.067160360,15.493487939,550.2289,20377.50,1131.90,44088.60
696,47.067154311,15.493491490,549.0073,20377.70,1131.90,44088.60
697,47.067156434,15.493487297,550.1102,20378.30,1131.60,44088.80
698,47.067161261,15.493487089,551.2741,20378.20,1131.40,44088.80
699,47.067162993,15.493486896,551.6758,20378.20,1131.30,44089.00
700,47.067163279,15.493488595,551.8873,20378.60,1131.00,44089.10
701,47.067162899,15.493492239,551.0256,20378.80,1130.80,44089.20
702,47.067162018,15.493491643,550.5598,20378.90,1130.60,44089.30
703,47.067161598,15.493487489,551.6056,20378.80,1130.50,44089.40
704,47.067166309,15.493491195,551.6121,20378.60,1130.60,44089.50
705,47.067169381,15.493493769,552.1034,20378.80,1130.60,44089.50
706,47.067167334,15.493491838,552.7312,20379.10,1130.40,44089.60
707,47.067164562,15.493492052,552.1861,20379.60,1130.10,44089.70
708,47.067178334,15.493485213,553.8223,20379.80,1130.00,44089.80
709,47.067177939,15.493484706,554.0921,20379.90,1129.70,44089.90
710,47.067178144,15.493481348,553.8404,20380.10,1129.50,44090.00
711,47.067178780,15.493489095,553.7045,20380.20,1129.40,44090.00
712,47.067174334,15.493492394,553.4401,20380.30,1129.20,44090.10
713,47.067173195,15.493494003,552.986,20380.70,1129.20,44090.30
714,47.067171917,15.493490596,552.7991,20380.80,1129.10,44090.20
715,47.067176641,15.493487895,552.8607,20380.90,1129.10,44090.30
716,47.067177510,15.493488287,553.2854,20381.00,1129.00,44090.40
717,47.067178147,15.493487466,553.3292,20381.50,1128.80,44090.40
718,47.067173971,15.493492874,553.0339,20381.60,1128.70,44090.50
719,47.067172490,15.493493673,552.2812,20381.70,1128.90,44090.60
720,47.067169861,15.493491355,552.0348,20382.10,1128.90,44090.80
721,47.067165580,15.493489651,552.1734,20382.40,1128.70,44090.90
722,47.067162723,15.493489851,552.5803,20382.60,1128.60,44090.90
723,47.067164275,15.493491398,552.7606,20382.50,1128.70,44091.00
724,47.067163862,15.493491404,552.5292,20382.30,1128.70,44091.00
725,47.067160658,15.493494566,552.5998,20382.30,1128.70,44091.10
726,47.067161077,15.493493094,552.7114,20382.30,1128.70,44091.30
727,47.067161793,15.493494615,552.2319,20382.30,1128.80,44091.40
728,47.067160852,15.493495149,551.9102,20382.40,1128.90,44091.50
729,47.067160660,15.493497069,552.0797,20382.50,1128.80,44091.50
730,47.067161139,15.493497162,552.3632,20382.60,1128.80,44091.70
731,47.067160890,15.493500724,552.5206,20382.90,1128.90,44091.90
732,47.067154912,15.493498506,552.8948,20383.20,1128.60,44091.90
733,47.067154972,15.493495815,552.7253,20383.50,1128.50,44091.90
734,47.067156782,15.493496574,552.7199,20383.70,1128.50,44091.90
735,47.067148069,15.493482174,550.4922,20384.10,1128.50,44092.00
736,47.067145446,15.493478622,550.5724,20383.90,1128.40,44092.10
737,47.067146893,15.493475694,549.919,20383.90,1128.50,44092.20
738,47.067147542,15.493475592,549.3763,20384.00,1128.60,44092.20
739,47.067146966,15.493475848,549.8973,20384.00,1128.70,44092.40
740,47.067145071,15.493474060,550.3226,20384.00,1128.80,44092.40
741,47.067145482,15.493473754,550.1403,20384.00,1128.80,44092.50
742,47.067146483,15.493471382,549.3541,20384.20,1128.80,44092.60
743,47.067144241,15.493470077,549.8851,20384.20,1128.80,44092.60
744,47.067141441,15.493470879,549.461,20384.60,1128.60,44092.70
745,47.067139377,15.493471647,549.7081,20384.90,1128.10,44092.80
746,47.067139993,15.493471197,549.9211,20385.20,1128.10,44092.80
747,47.067141090,15.493474656,549.6383,20385.30,1128.30,44092.80
748,47.067141167,15.493474670,549.0739,20385.40,1128.50,44092.90
749,47.067135191,15.493470123,549.7388,20385.50,1128.50,44092.90
750,47.067136908,15.493472582,550.1046,20385.70,1128.50,44092.90
751,47.067135677,15.493468732,550.0187,20385.80,1128.40,44092.90
752,47.067135781,15.493464795,550.5302,20386.00,1128.30,44093.10
753,47.067137210,15.493465446,550.9999,20386.20,1128.20,44093.10
754,47.067137716,15.493465337,550.6746,20386.40,1128.30,44093.10
755,47.067139797,15.493470194,550.2737,20386.60,1128.30,44093.10
756,47.067142786,15.493473237,549.3399,20386.70,1128.30,44093.20
757,47.067140967,15.493469711,550.1315,20386.80,1128.30,44093.20
758,47.067139452,15.493472810,550.1397,20387.00,1128.40,44093.30
759,47.067138200,15.493472456,550.2495,20387.10,1128.50,44093.20
760,47.067136363,15.493460733,551.5524,20387.20,1128.70,44093.20
761,47.067135181,15.493463368,551.4072,20387.10,1128.80,44093.20
762,47.067136238,15.493467563,550.8492,20387.00,1129.00,44093.20
763,47.067144994,15.493481943,545.5919,20387.00,1129.20,44093.20
764,47.067147370,15.493482586,546.008,20387.00,1129.20,44093.30
765,47.067144115,15.493483390,546.7493,20387.10,1129.30,44093.30
766,47.067143292,15.493479253,546.0223,20387.40,1129.30,44093.30
767,47.067143664,15.493480601,545.3371,20387.60,1129.50,44093.30
768,47.067144451,15.493478709,546.3429,20387.70,1129.60,44093.30
769,47.067145948,15.493477296,546.6027,20387.60,1129.60,44093.30
770,47.067148516,15.493476256,545.8668,20387.60,1129.60,44093.30
771,47.067146120,15.493476880,547.1548,20387.80,1129.70,44093.30
772,47.067144237,15.493477143,547.902,20387.90,1129.80,44093.30
773,47.067142465,15.493477649,547.8747,20387.90,1130.00,44093.30
774,47.067142590,15.493482718,547.3544,20388.20,1130.00,44093.40
775,47.067142440,15.493483691,546.4932,20388.40,1130.10,44093.40
776,47.067144042,15.493484106,547.2491,20388.60,1130.00,44093.40
777,47.067143062,15.493478412,547.476,20388.70,1130.10,44093.40
778,47.067145664,15.493474128,547.5105,20389.00,1130.00,44093.40
779,47.067144044,15.493474205,547.6582,20389.10,1129.90,44093.40
780,47.067149446,15.493482975,549.0669,20389.30,1129.70,44093.50
781,47.067152918,15.493484723,549.2985,20389.40,1129.60,44093.60
782,47.067152143,15.493488280,549.6673,20389.40,1129.60,44093.60
783,47.067148938,15.493485960,549.879,20389.20,1129.90,44093.60
784,47.067149431,15.493483458,549.6238,20389.60,1130.10,44093.60
785,47.067148475,15.493487338,550.4955,20389.60,1130.30,44093.70
786,47.067151367,15.493484979,549.6985,20389.60,1130.40,44093.70
787,47.067151642,15.493482929,549.8614,20389.70,1130.60,44093.80
788,47.067149267,15.493489974,551.1235,20389.90,1130.50,44093.80
789,47.067142748,15.493489984,554.0744,20390.00,1130.50,44093.70
790,47.067141715,15.493484474,554.4054,20390.00,1130.60,44093.80
791,47.067142737,15.493482113,553.8254,20390.10,1130.90,44093.90
792,47.067144530,15.493486166,553.0607,20390.40,1131.00,44093.80
793,47.067145774,15.493490014,553.2189,20390.60,1131.00,44093.90
794,47.067151095,15.493490253,552.6008,20390.60,1131.10,44093.90
795,47.067149347,15.493492455,552.9761,20390.70,1131.30,44093.90
796,47.067150019,15.493488175,553.7905,20390.90,1131.60,44094.00
797,47.067147733,15.493483620,554.1886,20390.90,1131.80,44094.10
798,47.067145231,15.493487611,553.8371,20391.00,1131.80,44094.10
799,47.067145935,15.493491291,552.8646,20391.20,1131.80,44094.10
800,47.067148033,15.493487980,551.9758,20391.00,1132.00,44094.10
801,47.067148506,15.493488896,551.7119,20391.20,1132.40,44094.20
802,47.067148697,15.493485590,551.474,20391.20,1132.70,44094.20
803,47.067149662,15.493480830,551.6787,20391.20,1132.90,44094.20
804,47.067155622,15.493481936,552.0068,20391.30,1133.10,44094.20
805,47.067155756,15.493481431,553.1557,20391.50,1133.20,44094.30
806,47.067150065,15.493477455,553.9365,20391.60,1133.40,44094.40
807,47.067147532,15.493474360,554.5778,20391.90,1133.50,44094.40
808,47.067152584,15.493476125,554.2832,20392.00,1133.60,44094.50
809,47.067155094,15.493481676,554.6044,20392.20,1133.70,44094.60
810,47.067159100,15.493481130,554.6532,20392.20,1133.80,44094.60
811,47.067161860,15.493474201,554.0087,20392.40,1134.00,44094.60
812,47.067164260,15.493474065,553.0245,20392.50,1134.20,44094.50
813,47.067164009,15.493479233,553.8212,20392.50,1134.40,44094.70
814,47.067128657,15.493491466,547.7392,20392.60,1134.60,44094.70
815,47.067131614,15.493483350,548.7264,20392.30,1135.00,44094.80
816,47.067132616,15.493481274,548.1743,20392.50,1135.10,44094.90
817,47.067137585,15.493477931,547.4273,20392.70,1134.90,44095.00
818,47.067133964,15.493481818,548.0429,20392.70,1135.00,44095.00
819,47.067131098,15.493483303,548.7618,20392.90,1135.20,44095.10
820,47.067131731,15.493479101,549.2141,20393.00,1135.30,44095.20
821,47.067135440,15.493481311,548.9828,20393.30,1135.40,44095.20
822,47.067138687,15.493479415,549.5653,20393.30,1135.80,44095.30
823,47.067132831,15.493483220,549.0074,20393.30,1135.90,44095.40
824,47.067131636,15.493483201,549.1698,20393.30,1136.00,44095.40
825,47.067130521,15.493481685,549.8783,20393.30,1136.40,44095.50
826,47.067129364,15.493481717,550.1783,20393.30,1136.70,44095.50
827,47.067132271,15.493474342,550.3552,20393.50,1136.70,44095.60
828,47.067132769,15.493474744,550.2542,20393.70,1136.80,44095.60
829,47.067131801,15.493476140,550.8004,20393.70,1137.00,44095.70
830,47.067138884,15.493472148,550.3942,20393.70,1137.10,44095.80
831,47.067145761,15.493468508,550.5948,20394.20,1137.00,44095.80
832,47.067140806,15.493475438,550.4908,20394.30,1137.10,44095.90
833,47.067132825,15.493481633,549.2645,20394.20,1137.50,44096.00
834,47.067133523,15.493479550,549.6676,20394.20,1137.90,44096.00
835,47.067135997,15.493477977,549.8315,20394.40,1138.00,44096.10
836,47.067135895,15.493478010,550.0666,20394.40,1138.30,44096.20
837,47.067132354,15.493477252,549.5698,20394.40,1138.60,44096.20
838,47.067132681,15.493471942,550.5331,20394.40,1138.90,44096.30
839,47.067132112,15.493474945,549.8006,20394.50,1139.00,44096.40
840,47.067129012,15.493467206,549.4675,20394.50,1139.30,44096.40
841,47.067130909,15.493466786,549.1962,20394.50,1139.70,44096.50
842,47.067134222,15.493466254,549.7279,20394.60,1139.90,44096.60
843,47.067135328,15.493467703,549.8406,20394.70,1140.00,44096.60
844,47.067134255,15.493464032,549.8947,20394.50,1140.20,44096.70
845,47.067131301,15.493466407,550.5572,20394.40,1140.50,44096.70
846,47.067133002,15.493471108,550.7114,20394.60,1140.50,44096.90
847,47.067137322,15.493453451,557.2757,20394.70,1140.70,44096.90
848,47.067139342,15.493453250,555.6249,20394.80,1141.00,44097.00
849,47.067136849,15.493456384,556.1192,20395.00,1141.30,44097.10
850,47.067134720,15.493457263,556.4053,20395.30,1141.40,44097.20
851,47.067131450,15.493462129,555.906,20395.50,1141.80,44097.20
852,47.067129921,15.493463180,555.8977,20395.40,1142.10,44097.20
853,47.067133197,15.493455961,555.1799,20395.50,1142.00,44097.30
854,47.067134653,15.493452192,555.8081,20395.60,1141.90,44097.40
855,47.067133283,15.493455470,556.5172,20395.70,1141.80,44097.30
856,47.067130723,15.493460593,556.0906,20396.20,1141.70,44097.50
857,47.067134318,15.493461904,555.3081,20396.40,1141.70,44097.50
858,47.067136588,15.493460477,555.5133,20396.80,1141.80,44097.70
859,47.067135113,15.493463503,555.9195,20397.10,1142.10,44097.70
860,47.067137866,15.493467636,555.4932,20397.60,1142.10,44097.70
861,47.067135778,15.493467715,556.4006,20397.80,1142.20,44097.80
862,47.067133419,15.493463852,556.3902,20397.80,1142.30,44097.90
863,47.067133833,15.493460704,556.1379,20397.80,1142.50,44097.90
864,47.067134693,15.493459557,555.3524,20397.80,1142.80,44097.90
865,47.067134624,15.493460512,555.207,20397.80,1143.30,44098.00
866,47.067127740,15.493466115,556.7195,20397.70,1143.70,44098.00
867,47.067130720,15.493467997,556.8512,20397.70,1144.00,44098.10
868,47.067132006,15.493465026,557.1282,20397.70,1144.20,44098.10
869,47.067125819,15.493469923,556.7041,20397.70,1144.40,44098.10
870,47.067124621,15.493465929,556.9871,20397.70,1144.70,44098.20
871,47.067127158,15.493465131,557.5463,20397.60,1145.10,44098.30
872,47.067130294,15.493467811,556.1887,20397.40,1145.50,44098.30
873,47.067138936,15.493471328,555.8693,20397.20,1145.90,44098.30
874,47.067142628,15.493467071,555.9718,20397.20,1146.00,44098.20
875,47.067133996,15.493471986,555.8227,20397.50,1146.10,44098.30
876,47.067133256,15.493471951,555.3239,20397.50,1146.50,44098.40
877,47.067134300,15.493475178,555.2526,20397.50,1146.80,44098.40
878,47.067136458,15.493473753,555.0929,20397.80,1146.80,44098.50
879,47.067134281,15.493470811,555.1966,20397.80,1147.00,44098.50
880,47.067131847,15.493473315,554.7609,20397.50,1147.30,44098.50
881,47.067130124,15.493471837,555.3098,20397.50,1147.60,44098.60
882,47.067128977,15.493470965,555.2636,20397.50,1147.80,44098.70
883,47.067134534,15.493473377,554.2115,20397.40,1148.00,44098.70
884,47.067136814,15.493471568,553.8608,20397.30,1148.20,44098.80
885,47.067132665,15.493472467,554.5164,20397.10,1148.50,44098.90
886,47.067140740,15.493477489,553.049,20397.30,1148.60,44098.80
887,47.067142482,15.493478997,552.1194,20397.10,1149.00,44098.90
888,47.067142743,15.493475927,552.1314,20396.40,1149.70,44099.00
889,47.067139881,15.493471550,552.4082,20396.60,1149.70,44099.00
890,47.067140336,15.493471128,552.2063,20396.70,1149.20,44099.00
891,47.067140624,15.493467728,552.2565,20396.90,1149.20,44099.10
892,47.067143787,15.493472540,552.5818,20396.70,1149.60,44099.30
893,47.067147881,15.493473903,553.0631,20396.90,1149.50,44099.40
894,47.067149371,15.493474930,552.7677,20396.50,1149.70,44099.50
895,47.067146934,15.493472826,552.3278,20396.00,1150.10,44099.60
896,47.067145213,15.493469786,552.7369,20396.00,1150.40,44099.60
897,47.067147272,15.493466908,553.476,20395.90,1150.50,44099.70
898,47.067151233,15.493469525,553.4016,20395.90,1150.80,44099.80
899,47.067151948,15.493472326,553.2703,20395.70,1151.10,44099.80
900,47.067158044,15.493484875,551.2713,20395.60,1151.30,44099.80
901,47.067154327,15.493485605,551.7613,20395.60,1151.30,44099.90
902,47.067156947,15.493485127,552.136,20395.70,1151.40,44099.90
903,47.067159935,15.493482507,553.0613,20395.60,1151.50,44100.00
904,47.067159009,15.493485295,553.479,20395.40,1151.60,44100.00
905,47.067138778,15.493479393,551.453,20395.30,1151.70,44100.20
906,47.067141249,15.493478791,550.9089,20395.20,1152.00,44100.20
907,47.067136707,15.493476466,550.7701,20395.10,1152.20,44100.20
908,47.067133254,15.493471538,550.7877,20395.20,1152.30,44100.30
909,47.067134439,15.493468966,551.0687,20395.20,1152.40,44100.30
910,47.067139835,15.493472076,551.4731,20395.30,1152.60,44100.40
911,47.067141406,15.493474627,549.8975,20395.20,1152.70,44100.50
912,47.067141047,15.493478999,550.3227,20395.20,1152.80,44100.50
913,47.067135648,15.493477648,551.3191,20395.20,1152.90,44100.60
914,47.067131834,15.493476918,551.8904,20395.00,1153.10,44100.70
915,47.067135004,15.493477232,551.6744,20394.60,1153.40,44100.60
916,47.067140090,15.493480368,551.7803,20394.20,1153.50,44100.70
917,47.067137717,15.493477171,551.4965,20394.20,1153.70,44100.80
918,47.067130985,15.493472981,550.6818,20394.30,1154.20,44101.00
919,47.067132511,15.493469460,549.9824,20394.20,1154.50,44100.90
920,47.067140408,15.493476070,550.9113,20393.90,1154.70,44100.90
921,47.067134411,15.493480140,551.463,20393.70,1155.00,44101.00
922,47.067134636,15.493479860,550.9088,20393.40,1155.00,44101.00
923,47.067135487,15.493478264,550.8266,20393.10,1155.20,44101.10
924,47.067138963,15.493482041,551.0691,20393.00,1155.30,44101.10
925,47.067140425,15.493480387,550.7182,20392.80,1155.40,44101.20
926,47.067142434,15.493479952,551.5233,20392.80,1155.60,44101.20
927,47.067141597,15.493475213,551.3904,20392.80,1155.60,44101.30
928,47.067142095,15.493476592,551.3722,20392.80,1155.60,44101.20
929,47.067142766,15.493481367,551.7367,20393.00,1155.60,44101.20
930,47.067143382,15.493482445,551.2633,20393.00,1155.70,44101.30
931,47.067144039,15.493482679,550.3749,20393.00,1155.80,44101.30
932,47.067138550,15.493482054,549.7147,20392.80,1155.80,44101.30
933,47.067140660,15.493479626,550.9655,20392.90,1155.90,44101.30
934,47.067148677,15.493478616,551.0021,20393.00,1156.00,44101.30
935,47.067148377,15.493483514,550.6323,20392.90,1156.10,44101.30
936,47.067148014,15.493481135,550.8625,20393.10,1156.10,44101.40
937,47.067148022,15.493484442,550.5748,20393.20,1156.20,44101.40
938,47.067141599,15.493485491,550.557,20392.90,1156.50,44101.40
939,47.067142821,15.493479203,551.2326,20393.00,1156.70,44101.30
940,47.067138689,15.493485487,548.5759,20393.10,1156.80,44101.40
941,47.067144314,15.493485293,548.6535,20392.80,1157.00,44101.30
942,47.067141791,15.493482422,547.589,20392.80,1157.00,44101.30
943,47.067137636,15.493485860,548.1791,20392.80,1157.10,44101.30
944,47.067134415,15.493483316,548.7527,20392.90,1157.00,44101.30
945,47.067131415,15.493482106,548.7641,20392.90,1157.20,44101.20
946,47.067134758,15.493488437,550.6828,20392.90,1157.20,44101.20
947,47.067140613,15.493483146,550.9762,20393.10,1157.30,44101.20
948,47.067135173,15.493482928,549.7024,20393.10,1157.30,44101.20
949,47.067139177,15.493484624,550.1182,20393.10,1157.20,44101.10
950,47.067143334,15.493483049,550.0687,20393.30,1157.30,44101.20
951,47.067142533,15.493487054,550.0732,20393.50,1157.20,44101.10
952,47.067144854,15.493486926,550.1904,20393.80,1157.10,44101.10
953,47.067138673,15.493482327,549.8285,20394.10,1157.00,44101.10
954,47.067138385,15.493484912,550.997,20394.30,1156.90,44101.10
955,47.067153519,15.493492479,553.3996,20394.60,1156.90,44101.10
956,47.067154139,15.493493310,553.1137,20394.60,1156.90,44101.10
957,47.067155589,15.493494928,552.8948,20394.70,1156.90,44101.10
958,47.067157196,15.493496018,553.4415,20394.60,1157.20,44101.00
959,47.067155197,15.493493879,553.5227,20394.40,1157.40,44101.10
960,47.067155998,15.493494866,553.5711,20394.30,1157.60,44101.10
961,47.067154295,15.493493585,552.985,20394.20,1157.60,44101.10
962,47.067154655,15.493492661,552.5403,20394.00,1157.40,44101.10
963,47.067152773,15.493492623,551.7572,20393.90,1157.40,44101.10
964,47.067147839,15.493488330,551.0973,20393.90,1157.40,44101.00
965,47.067144506,15.493489100,550.7018,20394.10,1157.40,44101.10
966,47.067142134,15.493488995,551.2397,20394.10,1157.20,44101.00
967,47.067145070,15.493486163,551.768,20394.10,1157.20,44101.00
968,47.067143209,15.493483620,551.7098,20394.20,1157.30,44101.10
969,47.067140529,15.493485938,550.6314,20394.20,1157.20,44101.00
970,47.067138095,15.493487800,551.1028,20394.10,1157.30,44101.10
971,47.067137905,15.493488582,550.7218,20393.90,1157.30,44101.10
972,47.067138507,15.493489221,550.3537,20393.90,1157.40,44101.10
973,47.067140664,15.493487946,550.6939,20394.00,1157.30,44101.10
974,47.067144127,15.493488832,550.6488,20394.00,1157.20,44101.10
975,47.067146536,15.493487257,550.4831,20393.80,1157.30,44101.10
976,47.067147274,15.493489384,550.3546,20393.80,1157.10,44101.10
977,47.067143895,15.493493327,550.2572,20393.90,1157.00,44101.10
978,47.067140246,15.493490567,550.1254,20393.90,1156.90,44101.20
979,47.067140815,15.493488766,550.4236,20393.90,1157.00,44101.20
980,47.067138665,15.493490293,550.6983,20393.60,1157.00,44101.20
981,47.067136176,15.493492213,550.2201,20393.40,1157.00,44101.10
982,47.067137938,15.493490031,550.5033,20393.40,1156.90,44101.10
983,47.067142237,15.493483681,550.0006,20393.40,1156.90,44101.10
984,47.067139414,15.493484421,550.1648,20393.30,1156.90,44101.10
985,47.067136719,15.493484096,550.1914,20393.10,1156.80,44101.20
986,47.067139388,15.493483490,550.2352,20392.90,1156.90,44101.10
987,47.067142098,15.493485248,550.0532,20392.90,1156.80,44101.00
988,47.067140804,15.493485232,549.9348,20392.70,1157.00,44101.10
989,47.067140171,15.493483151,550.0219,20392.90,1156.80,44101.10
990,47.067140688,15.493488445,550.1177,20392.80,1156.80,44101.10
991,47.067136881,15.493488538,550.6482,20392.40,1156.90,44101.00
992,47.067134717,15.493485397,551.2136,20392.60,1156.80,44100.90
993,47.067137107,15.493485885,551.004,20392.40,1156.70,44100.90
994,47.067137785,15.493490769,550.8956,20391.90,1156.80,44100.90
995,47.067129986,15.493487216,552.2999,20391.60,1156.80,44100.80
996,47.067130668,15.493489214,551.1499,20391.60,1156.60,44100.80
997,47.067132016,15.493490629,550.8759,20391.50,1156.60,44100.90
998,47.067134862,15.493489671,551.6586,20391.30,1156.60,44100.80
999,47.067133619,15.493491481,552.3219,20391.30,1156.50,44100.80
1000,47.067132318,15.493484889,552.2485,20391.20,1156.40,44100.70
1001,47.067134699,15.493482059,552.2733,20391.00,1156.40,44100.70
1002,47.067134590,15.493481028,553.1418,20391.00,1156.40,44100.60
1003,47.067147028,15.493476125,549.1029,20391.10,1156.30,44100.70
1004,47.067138930,15.493479586,550.4802,20390.90,1156.20,44100.70
1005,47.067133630,15.493479067,551.0425,20390.90,1156.20,44100.70
1006,47.067136432,15.493482464,550.6216,20390.80,1156.20,44100.60
1007,47.067140825,15.493485849,549.263,20390.80,1156.00,44100.60
1008,47.067140574,15.493483299,549.3934,20390.70,1156.00,44100.70
1009,47.067144380,15.493478996,549.4209,20390.60,1155.90,44100.60
1010,47.067153053,15.493474936,547.761,20390.70,1155.70,44100.60
1011,47.067148050,15.493478900,548.6963,20390.70,1155.50,44100.50
1012,47.067142109,15.493483992,550.0485,20390.80,1155.40,44100.70
1013,47.067141344,15.493484103,550.2654,20390.90,1155.50,44100.60
1014,47.067143715,15.493481828,550.3384,20391.20,1155.20,44100.60
1015,47.067140644,15.493477494,550.4881,20391.30,1155.00,44100.70
1016,47.067139627,15.493472895,550.8447,20391.10,1154.90,44100.70
1017,47.067146301,15.493471563,549.3549,20391.30,1154.70,44100.70
1018,47.067146708,15.493479401,549.5858,20391.60,1154.60,44100.70
1019,47.067132714,15.493489354,551.9037,20391.80,1154.80,44100.80
1020,47.067132861,15.493489550,552.7013,20392.20,1154.70,44100.80
1021,47.067143170,15.493483424,550.7199,20392.40,1154.70,44100.70
1022,47.067152296,15.493470126,548.2578,20391.40,1154.10,44100.80
1023,47.067144776,15.493478205,546.5799,20392.20,1154.20,44101.00
1024,47.067137814,15.493486015,548.7953,20392.10,1153.90,44101.00
1025,47.067136757,15.493485247,549.5111,20392.40,1153.90,44101.00
1026,47.067130591,15.493491099,549.6114,20392.70,1153.90,44101.00
1027,47.067125049,15.493500625,549.5844,20393.10,1153.70,44101.00
1028,47.067135446,15.493491611,548.2357,20392.50,1153.80,44101.00
1029,47.067142980,15.493479891,547.4894,20392.40,1154.00,44101.10
1030,47.067143782,15.493474649,546.9838,20393.00,1154.70,44101.00
1031,47.067147706,15.493471144,546.5383,20392.60,1154.50,44100.90
1032,47.067139765,15.493483299,548.3521,20392.90,1154.70,44101.10
1033,47.067141097,15.493479547,546.8129,20392.40,1154.70,44101.10
1034,47.067132526,15.493486058,547.2943,20392.30,1155.00,44101.10
1035,47.067131358,15.493490288,546.8696,20391.90,1155.10,44101.00
1036,47.067132654,15.493489841,547.874,20392.50,1155.40,44101.20
1037,47.067139246,15.493483189,547.036,20392.50,1155.40,44101.30
1038,47.067140269,15.493475443,546.7176,20392.50,1155.50,44101.20
1039,47.067142732,15.493475053,546.6551,20392.80,1155.60,44101.30
1040,47.067136577,15.493489584,548.9086,20392.40,1155.40,44101.30
1041,47.067133984,15.493491387,549.6258,20392.30,1155.00,44101.30
1042,47.067132201,15.493491458,549.3164,20392.80,1155.40,44101.50
1043,47.067131142,15.493493001,549.0261,20393.20,1155.60,44101.50
1044,47.067133157,15.493492158,549.0491,20392.90,1155.50,44101.40
1045,47.067136610,15.493503130,550.5183,20393.00,1155.20,44101.60
1046,47.067136358,15.493499539,550.74,20393.50,1155.00,44101.60
1047,47.067135376,15.493496253,551.1381,20393.30,1154.90,44101.60
1048,47.067139210,15.493492176,551.3919,20393.20,1154.90,44101.70
1049,47.067136526,15.493498648,550.7428,20393.30,1154.90,44101.80
1050,47.067134762,15.493502148,550.1194,20393.40,1155.00,44101.70
1051,47.067135449,15.493504265,549.3296,20393.20,1155.00,44101.80
1052,47.067134738,15.493501767,549.6605,20393.00,1155.00,44101.80
1053,47.067137876,15.493501102,550.199,20393.10,1154.90,44101.90
1054,47.067138346,15.493498565,550.3971,20393.10,1154.90,44101.80
1055,47.067136822,15.493494269,550.7683,20393.30,1154.90,44101.90
1056,47.067141031,15.493488862,551.0542,20393.30,1154.70,44101.90
1057,47.067143691,15.493489284,551.1373,20393.50,1154.80,44102.00
1058,47.067141024,15.493502715,550.1446,20393.70,1154.70,44102.10
1059,47.067137422,15.493500465,549.4742,20393.60,1154.60,44102.10
1060,47.067135352,15.493503589,548.7995,20393.90,1154.60,44102.10
1061,47.067136798,15.493499274,548.8203,20394.00,1154.30,44102.20
1062,47.067137087,15.493500153,549.1572,20394.00,1154.10,44102.20
1063,47.067140541,15.493497390,549.685,20394.30,1154.10,44102.20
1064,47.067141471,15.493505778,549.422,20394.50,1154.20,44102.30
1065,47.067139782,15.493504495,549.0288,20394.50,1154.00,44102.20
1066,47.067137799,15.493501305,548.5943,20394.60,1153.90,44102.30
1067,47.067139763,15.493498825,548.3556,20394.70,1153.90,44102.30
1068,47.067141553,15.493500258,548.0912,20394.80,1153.80,44102.40
1069,47.067140640,15.493500314,548.1851,20394.80,1153.70,44102.40
1070,47.067137170,15.493495961,548.7017,20394.80,1153.60,44102.30
1071,47.067139887,15.493498783,548.2657,20394.90,1153.70,44102.40
1072,47.067140000,15.493501912,548.8346,20395.10,1153.80,44102.40
1073,47.067142708,15.493503710,549.0511,20395.10,1153.90,44102.40
1074,47.067142650,15.493503850,548.4729,20395.10,1153.90,44102.40
1075,47.067143816,15.493502184,548.4378,20395.40,1153.90,44102.50
1076,47.067143951,15.493498630,548.5133,20395.80,1154.00,44102.60
1077,47.067145190,15.493501751,548.0893,20395.80,1154.00,44102.60
1078,47.067144882,15.493498547,547.913,20395.80,1154.10,44102.60
1079,47.067143927,15.493499089,547.664,20396.00,1154.20,44102.60
1080,47.067145762,15.493496003,548.2296,20395.90,1154.20,44102.60
1081,47.067146781,15.493491884,549.3395,20396.00,1154.30,44102.60
1082,47.067143322,15.493492231,548.9791,20396.00,1154.30,44102.60
1083,47.067146298,15.493493599,549.054,20396.00,1154.50,44102.60
1084,47.067146374,15.493489092,548.8144,20396.20,1154.70,44102.60
1085,47.067144166,15.493495620,548.4356,20396.40,1154.80,44102.60
1086,47.067139310,15.493499565,548.0116,20396.60,1154.90,44102.60
1087,47.067136956,15.493495614,547.7773,20396.90,1155.00,44102.60
1088,47.067133884,15.493493444,546.1568,20397.10,1155.10,44102.70
1089,47.067132995,15.493491125,545.3973,20397.20,1155.00,44102.60
1090,47.067147430,15.493493440,547.1325,20397.20,1155.00,44102.60
1091,47.067144617,15.493501735,547.791,20397.10,1154.90,44102.60
1092,47.067145463,15.493503497,548.851,20397.10,1155.20,44102.70
1093,47.067146063,15.493499222,549.7909,20397.10,1155.20,44102.70
1094,47.067145299,15.493491091,548.6395,20397.00,1155.20,44102.70
1095,47.067150939,15.493492742,548.972,20397.00,1155.20,44102.70
1096,47.067146977,15.493495678,548.8652,20397.00,1155.10,44102.70
1097,47.067144016,15.493499173,548.9456,20396.90,1155.10,44102.70
1098,47.067140634,15.493497787,548.0217,20397.00,1155.10,44102.80
1099,47.067140766,15.493494784,547.79,20397.10,1155.10,44102.80
1100,47.067148752,15.493493161,548.4218,20397.00,1155.20,44102.80
1101,47.067147707,15.493495983,549.153,20397.00,1155.10,44102.80
1102,47.067148168,15.493499883,548.5453,20397.00,1155.10,44102.90
1103,47.067147580,15.493500966,548.0563,20397.10,1155.20,44102.80
1104,47.067145592,15.493498976,547.7112,20397.10,1155.30,44102.90
1105,47.067149131,15.493500649,548.2072,20397.10,1155.10,44102.90
1106,47.067151625,15.493506084,548.0967,20397.10,1154.90,44103.00
1107,47.067154491,15.493503693,547.3123,20397.30,1154.90,44103.00
1108,47.067152614,15.493494520,547.9385,20397.40,1154.90,44103.00
1109,47.067148460,15.493492421,548.9859,20397.50,1154.80,44103.00
1110,47.067145757,15.493495724,549.5113,20397.50,1154.80,44103.10
1111,47.067149205,15.493502734,548.0626,20397.50,1154.70,44103.00
1112,47.067146872,15.493501339,548.1444,20397.50,1154.70,44103.00
1113,47.067149661,15.493503416,548.874,20397.60,1154.70,44103.00
1114,47.067148127,15.493504360,548.564,20397.60,1154.60,44102.90
1115,47.067146807,15.493498967,548.3416,20397.70,1154.60,44103.00
1116,47.067144737,15.493500670,548.549,20397.80,1154.50,44103.00
1117,47.067141426,15.493498373,548.3053,20397.90,1154.30,44103.10
1118,47.067144443,15.493499781,547.9306,20398.00,1154.20,44103.00
1119,47.067144760,15.493497086,547.4135,20398.10,1154.10,44103.10
1120,47.067144130,15.493493835,547.7728,20398.30,1154.00,44103.10
1121,47.067142596,15.493491740,547.4737,20398.50,1153.90,44103.10
1122,47.067138411,15.493491737,548.3617,20398.70,1153.90,44103.00
1123,47.067141677,15.493495560,547.5868,20398.90,1153.80,44103.00
1124,47.067143118,15.493500096,546.9575,20399.10,1153.80,44103.00
1125,47.067147652,15.493499471,546.7768,20399.20,1153.90,44103.10
1126,47.067149360,15.493495524,546.7815,20399.40,1153.90,44103.00
1127,47.067149378,15.493496891,546.7057,20399.40,1153.90,44102.90
1128,47.067144275,15.493500775,547.1283,20399.30,1153.90,44103.00
1129,47.067140613,15.493499469,547.6903,20399.30,1153.90,44102.90
1130,47.067137502,15.493496687,548.1743,20399.30,1154.10,44102.90
1131,47.067143760,15.493498369,547.347,20399.20,1154.20,44103.00
1132,47.067147507,15.493498914,546.3409,20399.00,1154.30,44103.00
1133,47.067149538,15.493497448,546.3763,20398.80,1154.50,44102.90
1134,47.067151369,15.493497263,545.872,20398.70,1154.50,44103.00
1135,47.067146630,15.493496678,546.4998,20398.60,1154.50,44103.10
1136,47.067142456,15.493494278,547.2146,20398.60,1154.60,44103.00
1137,47.067140190,15.493486969,546.3858,20398.70,1154.60,44103.00
1138,47.067141340,15.493490176,545.9161,20398.70,1154.60,44103.10
1139,47.067142885,15.493491002,545.1561,20398.80,1154.60,44103.10
1140,47.067139530,15.493490843,546.3686,20399.10,1154.70,44103.10
1141,47.067145232,15.493491221,545.7195,20399.30,1154.60,44103.10
1142,47.067146423,15.493491748,545.5392,20399.40,1154.60,44103.00
1143,47.067139743,15.493491603,545.6328,20399.50,1154.50,44103.10
1144,47.067141666,15.493492037,544.5969,20399.50,1154.50,44103.00
1145,47.067142278,15.493492400,544.2889,20399.50,1154.50,44103.00
1146,47.067141521,15.493493258,544.468,20399.40,1154.50,44103.00
1147,47.067140136,15.493491488,545.0792,20399.40,1154.60,44103.00
1148,47.067141739,15.493487613,545.656,20399.30,1154.70,44103.00
1149,47.067143631,15.493492100,545.6538,20399.30,1154.70,44103.00
1150,47.067145031,15.493492930,544.8027,20399.30,1154.80,44103.10
1151,47.067145519,15.493493715,544.9052,20399.30,1154.80,44103.10
1152,47.067142877,15.493490795,545.4733,20399.20,1154.80,44103.10
1153,47.067145887,15.493489305,543.4093,20399.10,1154.80,44103.20
1154,47.067144007,15.493491728,542.7801,20399.10,1155.10,44103.00
1155,47.067139824,15.493493211,543.2046,20399.10,1155.30,44103.00
1156,47.067140303,15.493491721,543.9252,20399.00,1155.30,44103.00
1157,47.067139141,15.493493448,544.124,20399.10,1155.50,44103.10
1158,47.067137309,15.493496345,544.1281,20399.00,1155.60,44103.20
1159,47.067142130,15.493492348,543.2059,20398.90,1155.60,44103.10
1160,47.067139781,15.493491482,543.631,20398.80,1155.60,44103.10
1161,47.067140564,15.493492909,542.9656,20398.80,1155.70,44103.10
1162,47.067141377,15.493493358,543.7793,20398.80,1155.80,44103.10
1163,47.067134446,15.493490585,544.8929,20398.80,1155.90,44103.10
1164,47.067135027,15.493486528,543.6678,20398.90,1155.90,44103.20
1165,47.067133839,15.493491502,542.8909,20399.20,1155.90,44103.20
1166,47.067132896,15.493486952,542.976,20399.30,1155.80,44103.20
1167,47.067136721,15.493489042,542.8241,20399.30,1155.80,44103.20
1168,47.067135179,15.493494321,543.6265,20399.30,1155.80,44103.20
1169,47.067138005,15.493493703,543.9298,20399.40,1155.70,44103.20
1170,47.067139479,15.493497403,544.5086,20399.40,1155.70,44103.20
1171,47.067137743,15.493495187,544.6218,20399.60,1155.80,44103.20
1172,47.067136248,15.493491535,544.2534,20399.70,1155.90,44103.20
1173,47.067136067,15.493493164,543.9266,20399.80,1156.00,44103.20
1174,47.067132357,15.493495568,544.5741,20399.80,1156.00,44103.10
1175,47.067135211,15.493492565,543.8929,20399.90,1155.90,44103.20
1176,47.067138232,15.493496860,542.7368,20399.90,1155.70,44103.20
1177,47.067142830,15.493494800,542.6101,20399.80,1155.70,44103.20
1178,47.067141267,15.493496231,542.9578,20399.70,1155.60,44103.30
1179,47.067135333,15.493497241,544.1531,20399.60,1155.50,44103.30
1180,47.067135315,15.493498628,544.6082,20399.60,1155.50,44103.30
1181,47.067137933,15.493499148,544.2924,20399.60,1155.50,44103.30
1182,47.067137193,15.493497077,543.742,20399.50,1155.50,44103.30
1183,47.067135617,15.493493669,544.3439,20399.60,1155.60,44103.20
1184,47.067138969,15.493489837,544.4821,20399.60,1155.80,44103.20
1185,47.067138891,15.493492151,544.8531,20399.60,1155.90,44103.20
1186,47.067138451,15.493494573,544.9538,20399.60,1156.00,44103.20
1187,47.067136761,15.493495141,544.9408,20399.70,1155.90,44103.20
1188,47.067137336,15.493496843,545.116,20399.80,1155.90,44103.20
1189,47.067139574,15.493493722,544.703,20399.90,1155.90,44103.20
1190,47.067141700,15.493494185,544.0884,20399.90,1155.90,44103.20
1191,47.067140809,15.493496744,543.2954,20400.00,1155.90,44103.20
1192,47.067139150,15.493492255,543.4754,20400.10,1155.90,44103.20
1193,47.067138321,15.493491093,543.7755,20400.20,1156.00,44103.20
1194,47.067140304,15.493492006,543.4478,20400.20,1156.10,44103.20
1195,47.067140360,15.493490626,543.0754,20400.10,1156.20,44103.20
1196,47.067138519,15.493491053,543.011,20400.10,1156.20,44103.20
1197,47.067136177,15.493491562,543.9306,20400.00,1156.20,44103.20
1198,47.067136813,15.493492369,544.2318,20399.90,1156.30,44103.30
1199,47.067139812,15.493492847,543.3947,20399.90,1156.50,44103.30
1200,47.067138315,15.493489940,543.1615,20399.90,1156.70,44103.30
1201,47.067134788,15.493487402,544.4643,20400.00,1156.70,44103.30
1202,47.067133191,15.493490523,544.7312,20400.10,1156.80,44103.30
1203,47.067131277,15.493487484,544.9006,20400.10,1156.80,44103.30
1204,47.067132886,15.493487256,544.7141,20400.20,1156.80,44103.30
1205,47.067135642,15.493484836,544.6718,20400.10,1156.80,44103.30
1206,47.067135617,15.493488557,544.8913,20400.00,1156.80,44103.20
1207,47.067132729,15.493488787,544.958,20399.90,1156.90,44103.30
1208,47.067131077,15.493490608,545.2867,20399.60,1157.00,44103.30
1209,47.067129103,15.493492168,545.4054,20399.40,1157.20,44103.40
1210,47.067137319,15.493487621,545.743,20399.30,1157.30,44103.40
1211,47.067138412,15.493484131,545.3209,20399.30,1157.30,44103.50
1212,47.067138236,15.493481223,544.6783,20399.50,1157.20,44103.40
1213,47.067138747,15.493480895,544.8552,20399.60,1157.30,44103.50
1214,47.067136444,15.493485004,545.1953,20399.80,1157.30,44103.50
1215,47.067135641,15.493485156,545.3823,20399.80,1157.30,44103.50
1216,47.067138038,15.493483566,545.6206,20400.00,1157.30,44103.50
1217,47.067143661,15.493482599,546.0769,20400.10,1157.40,44103.40
1218,47.067146964,15.493481135,546.3956,20400.30,1157.30,44103.50
1219,47.067151529,15.493481186,546.1187,20400.40,1157.30,44103.50
1220,47.067148884,15.493485547,545.6278,20400.30,1157.20,44103.50
1221,47.067148045,15.493492211,545.4552,20400.20,1157.10,44103.50
1222,47.067147759,15.493493326,545.3418,20400.10,1157.10,44103.50
1223,47.067139239,15.493490122,545.3949,20399.90,1157.40,44103.50
1224,47.067139582,15.493490870,545.6648,20399.80,1157.50,44103.40
1225,47.067143224,15.493492703,545.9735,20399.80,1157.60,44103.40
1226,47.067140758,15.493489620,545.9305,20399.90,1158.00,44103.50
1227,47.067139561,15.493486192,545.5567,20399.90,1158.00,44103.50
1228,47.067141848,15.493481685,546.0468,20399.90,1157.90,44103.50
1229,47.067141888,15.493483703,546.7314,20399.80,1157.80,44103.50
1230,47.067143069,15.493489233,546.7996,20399.50,1157.80,44103.40
1231,47.067142173,15.493487954,545.241,20399.30,1157.70,44103.50
1232,47.067144636,15.493483770,544.4306,20399.10,1157.70,44103.60
1233,47.067139049,15.493481052,544.4928,20399.00,1157.70,44103.50
1234,47.067140039,15.493481707,545.8371,20398.80,1157.80,44103.60
1235,47.067143708,15.493484452,546.2515,20398.70,1157.90,44103.60
1236,47.067118571,15.493475182,542.3449,20398.60,1158.00,44103.50
1237,47.067123839,15.493477763,543.22,20398.60,1158.00,44103.50
1238,47.067119147,15.493481223,542.3992,20398.70,1158.00,44103.60
1239,47.067122729,15.493484059,542.6441,20398.70,1157.80,44103.60
1240,47.067130114,15.493480003,543.7968,20398.90,1157.80,44103.60
1241,47.067127855,15.493481123,542.7728,20399.00,1157.80,44103.60
1242,47.067129364,15.493483780,543.6323,20398.90,1157.80,44103.60
1243,47.067132797,15.493481480,544.7486,20398.70,1157.80,44103.60
1244,47.067134078,15.493473903,544.7091,20398.70,1158.00,44103.60
1245,47.067124415,15.493468370,543.1512,20398.50,1157.70,44103.60
1246,47.067117401,15.493470750,542.2378,20398.30,1157.80,44103.60
1247,47.067124454,15.493476009,542.5152,20398.20,1158.00,44103.60
1248,47.067129232,15.493477757,542.9549,20398.20,1158.00,44103.60
1249,47.067122972,15.493479359,542.3066,20398.40,1157.80,44103.60
1250,47.067126220,15.493479820,542.8585,20398.70,1157.80,44103.60
1251,47.067131675,15.493479503,542.9562,20399.00,1157.70,44103.60
1252,47.067125460,15.493478156,542.9787,20399.20,1157.80,44103.60
1253,47.067123399,15.493478735,542.9227,20399.20,1157.80,44103.60
1254,47.067130592,15.493481498,543.8032,20399.30,1157.70,44103.60
1255,47.067142707,15.493484685,545.6046,20399.50,1157.80,44103.60
1256,47.067139278,15.493485388,545.3542,20399.70,1158.00,44103.60
1257,47.067136269,15.493484082,545.5192,20400.00,1158.20,44103.60
1258,47.067132914,15.493488282,545.7527,20399.60,1158.40,44103.50
1259,47.067134253,15.493494293,545.2756,20399.90,1159.00,44103.50
1260,47.067136427,15.493491571,544.5771,20401.60,1159.80,44103.40
1261,47.067139367,15.493489708,544.8326,20402.20,1160.10,44103.20
1262,47.067141428,15.493483364,544.641,20400.90,1160.70,44103.20
1263,47.067140520,15.493479005,544.799,20400.60,1162.10,44103.20
1264,47.067143725,15.493482173,544.2904,20400.90,1162.40,44103.20
1265,47.067146913,15.493481923,543.877,20401.20,1161.80,44103.30
1266,47.067142580,15.493486521,544.5485,20401.10,1161.30,44103.40
1267,47.067140311,15.493488046,545.623,20400.80,1162.00,44103.50
1268,47.067141992,15.493486317,545.8879,20400.30,1162.10,44103.50
1269,47.067143248,15.493484964,545.9357,20400.10,1162.00,44103.60
1270,47.067142202,15.493482125,545.5471,20400.00,1162.10,44103.60
1271,47.067145686,15.493482090,545.3465,20399.60,1162.00,44103.70
1272,47.067147510,15.493480849,544.8619,20399.60,1161.70,44103.80
1273,47.067144340,15.493480900,545.5678,20400.10,1162.10,44103.90
1274,47.067140731,15.493481807,545.0179,20399.60,1161.70,44103.90
1275,47.067141167,15.493482017,544.6776,20399.10,1161.60,44104.00
1276,47.067143729,15.493482844,544.3912,20399.20,1162.30,44103.90
1277,47.067141960,15.493486264,544.5359,20398.60,1161.80,44104.00
1278,47.067140844,15.493486614,545.289,20398.40,1161.70,44104.10
1279,47.067138456,15.493486095,545.6058,20398.40,1161.80,44104.10
1280,47.067140525,15.493482836,544.8815,20397.60,1161.30,44104.20
1281,47.067141409,15.493483965,544.7194,20397.90,1161.60,44104.30
1282,47.067141401,15.493482972,544.4659,20397.60,1161.50,44104.30
1283,47.067141571,15.493479085,544.9156,20397.50,1161.40,44104.40
1284,47.067139118,15.493475722,544.5802,20397.40,1161.40,44104.40
1285,47.067141532,15.493471436,544.7541,20397.30,1161.40,44104.40
1286,47.067145848,15.493470271,544.4288,20397.60,1162.00,44104.40
1287,47.067145121,15.493475283,544.1627,20396.70,1161.50,44104.40
1288,47.067144249,15.493482593,545.5153,20396.80,1162.00,44104.40
1289,47.067141985,15.493482092,546.7464,20397.00,1162.80,44104.40
1290,47.067143990,15.493484515,544.7051,20396.40,1162.60,44104.50
1291,47.067146501,15.493477790,543.9506,20396.20,1162.90,44104.50
1292,47.067149313,15.493475406,543.9288,20396.30,1164.00,44104.40
1293,47.067148027,15.493482164,544.7022,20395.80,1163.80,44104.50
1294,47.067144121,15.493482006,544.8354,20395.80,1164.00,44104.50
1295,47.067145794,15.493480558,544.1247,20395.80,1164.20,44104.50
1296,47.067144229,15.493483348,543.6157,20395.30,1164.10,44104.60
1297,47.067145386,15.493483680,543.9899,20395.70,1164.80,44104.50
1298,47.067146700,15.493480643,543.8719,20395.90,1165.00,44104.50
1299,47.067143426,15.493481174,544.1281,20395.60,1164.60,44104.50
1300,47.067142273,15.493483742,544.1,20396.20,1165.00,44104.60
1301,47.067143501,15.493488599,545.1183,20395.80,1164.70,44104.60
1302,47.067147846,15.493488033,544.9163,20396.60,1165.60,44104.50
1303,47.067151778,15.493483241,543.5561,20396.20,1165.40,44104.40
1304,47.067152020,15.493480897,543.9989,20396.30,1165.50,44104.50
1305,47.067152191,15.493480378,544.5234,20396.80,1166.30,44104.40
1306,47.067150354,15.493476041,544.6684,20396.40,1165.80,44104.50
1307,47.067146505,15.493476806,544.9023,20396.60,1166.40,44104.50
1308,47.067148488,15.493479971,545.1908,20396.60,1166.90,44104.40
1309,47.067151007,15.493477855,544.2635,20396.40,1167.00,44104.40
1310,47.067145404,15.493483924,544.5441,20396.70,1167.90,44104.40
1311,47.067142612,15.493488363,545.0902,20396.70,1167.90,44104.30
1312,47.067147374,15.493487949,543.8573,20396.60,1167.60,44104.40
1313,47.067151666,15.493484846,543.3286,20396.90,1168.00,44104.50
1314,47.067151685,15.493481582,541.8755,20396.70,1168.20,44104.50
1315,47.067151765,15.493483574,543.2879,20396.90,1169.00,44104.40
1316,47.067150047,15.493481668,544.4095,20397.00,1169.60,44104.30
1317,47.067142186,15.493482464,545.144,20397.20,1169.80,44104.30
1318,47.067140301,15.493477764,544.5304,20397.30,1169.80,44104.30
1319,47.067138990,15.493488278,545.3889,20397.20,1169.80,44104.40
1320,47.067139089,15.493483666,545.177,20397.20,1170.30,44104.40
1321,47.067138376,15.493487466,545.6056,20397.20,1171.00,44104.30
1322,47.067140423,15.493484240,545.2472,20397.60,1171.40,44104.30
1323,47.067147124,15.493478903,543.8163,20397.60,1171.20,44104.30
1324,47.067149638,15.493479086,543.7135,20397.70,1171.30,44104.30
1325,47.067148614,15.493484739,543.438,20397.60,1171.70,44104.30
1326,47.067145881,15.493488290,544.7394,20397.40,1172.00,44104.30
1327,47.067143597,15.493490389,545.1259,20397.10,1172.20,44104.40
1328,47.067142249,15.493490180,543.73,20396.90,1172.30,44104.40
1329,47.067140676,15.493489497,543.5128,20396.20,1172.30,44104.40
1330,47.067145784,15.493488693,542.6781,20396.20,1173.00,44104.40
1331,47.067141211,15.493493784,544.8623,20395.90,1173.10,44104.50
1332,47.067145680,15.493484705,543.4466,20395.40,1173.00,44104.60
1333,47.067147646,15.493485272,544.6846,20395.30,1173.20,44104.70
1334,47.067147589,15.493486473,544.7612,20395.10,1173.20,44104.70
1335,47.067140819,15.493489142,545.3633,20395.00,1173.30,44104.70
1336,47.067142201,15.493486311,545.5571,20394.60,1173.10,44104.70
1337,47.067138821,15.493490301,544.2396,20394.50,1173.00,44104.90
1338,47.067144955,15.493490143,543.9367,20394.60,1173.10,44105.00
1339,47.067149669,15.493489407,544.8193,20394.60,1172.90,44105.00
1340,47.067148094,15.493484499,544.1501,20394.60,1172.80,44105.00
1341,47.067146684,15.493485420,543.4701,20394.50,1172.60,44105.00
1342,47.067147932,15.493487812,543.1135,20394.50,1172.60,44105.00
1343,47.067147803,15.493491943,543.1411,20394.30,1172.20,44105.00
1344,47.067144252,15.493491860,543.0225,20394.30,1172.00,44105.00
1345,47.067141357,15.493483515,542.4278,20394.10,1171.90,44105.10
1346,47.067142516,15.493480600,543.1656,20393.90,1171.80,44105.10
1347,47.067147064,15.493480383,544.7628,20393.50,1171.70,44105.10
1348,47.067140474,15.493489209,545.7771,20393.20,1171.80,44105.10
1349,47.067140745,15.493485683,544.5627,20392.90,1171.80,44105.20
1350,47.067147074,15.493479682,543.8726,20392.60,1171.60,44105.20
1351,47.067148610,15.493485849,545.0861,20392.60,1171.60,44105.20
1352,47.067149207,15.493487097,544.3762,20392.40,1171.30,44105.30
1353,47.067148270,15.493490053,544.2896,20392.30,1171.30,44105.40
1354,47.067146247,15.493490454,543.9197,20392.30,1171.10,44105.40
1355,47.067145695,15.493485860,543.3723,20392.20,1171.00,44105.40
1356,47.067145108,15.493484555,543.6052,20392.20,1170.90,44105.40
1357,47.067143080,15.493490274,542.3978,20392.10,1170.80,44105.40
1358,47.067142641,15.493492219,541.653,20392.20,1170.80,44105.40
1359,47.067145096,15.493489830,542.713,20392.00,1171.00,44105.40
1360,47.067138854,15.493491124,542.715,20391.70,1171.20,44105.30
1361,47.067136872,15.493489273,542.0888,20391.70,1171.20,44105.40
1362,47.067142558,15.493485011,543.4661,20391.60,1170.60,44105.50
1363,47.067140917,15.493487917,543.9429,20391.60,1169.20,44105.70
1364,47.067137517,15.493491608,543.3742,20390.90,1168.40,44105.80
1365,47.067145166,15.493492558,542.8924,20390.80,1168.00,44105.90
1366,47.067149211,15.493489054,543.1253,20390.20,1167.50,44105.90
1367,47.067147905,15.493484138,542.9151,20390.10,1165.50,44106.20
1368,47.067143990,15.493483600,542.0604,20389.80,1163.50,44106.50
1369,47.067139088,15.493483097,542.7342,20389.40,1163.70,44106.50
1370,47.067141931,15.493489605,542.2285,20390.00,1163.50,44106.40
1371,47.067144589,15.493494488,542.0008,20389.50,1162.50,44106.50
1372,47.067147849,15.493492847,542.7594,20389.10,1162.00,44106.50
1373,47.067145922,15.493488351,544.1112,20389.10,1162.40,44106.40
1374,47.067139564,15.493487032,544.3125,20389.80,1162.80,44106.20
1375,47.067141305,15.493483255,543.9035,20389.60,1162.50,44106.10
1376,47.067145191,15.493483818,543.3875,20390.20,1162.60,44105.90
1377,47.067146041,15.493486809,543.4708,20390.40,1162.50,44105.80
1378,47.067143238,15.493488152,543.7427,20391.00,1162.90,44105.70
1379,47.067141884,15.493484978,543.4038,20391.50,1162.50,44105.50
1380,47.067139348,15.493486796,542.3334,20391.80,1161.70,44105.60
1381,47.067143210,15.493485572,541.571,20391.70,1161.50,44105.50
1382,47.067141219,15.493482664,542.237,20392.20,1162.10,44105.30
1383,47.067143245,15.493484976,542.0931,20392.80,1162.30,44105.10
1384,47.067143947,15.493488784,542.2076,20392.70,1162.70,44105.00
1385,47.067144466,15.493486961,542.8388,20393.30,1163.50,44104.90
1386,47.067144383,15.493487206,542.3743,20393.50,1163.60,44104.80
1387,47.067145056,15.493483579,542.2301,20393.90,1163.90,44104.70
1388,47.067150096,15.493483731,542.0952,20394.10,1164.30,44104.60
1389,47.067147977,15.493484567,541.9281,20394.40,1164.90,44104.40
1390,47.067146161,15.493486141,541.9873,20394.60,1165.00,44104.40
1391,47.067145347,15.493486634,542.34,20394.70,1165.40,44104.30
1392,47.067143390,15.493484383,542.1708,20394.70,1165.90,44104.20
1393,47.067146293,15.493486301,541.3673,20394.60,1166.20,44104.20
1394,47.067145401,15.493488557,542.8067,20394.60,1166.90,44104.10
1395,47.067142988,15.493491693,542.3758,20394.60,1167.50,44104.00
1396,47.067143842,15.493489275,542.4751,20394.70,1167.50,44104.10
1397,47.067145473,15.493483924,542.6021,20395.00,1167.40,44104.10
1398,47.067142563,15.493485101,542.7373,20395.20,1167.00,44104.10
1399,47.067141041,15.493482800,542.9399,20395.10,1166.60,44104.20
1400,47.067142891,15.493485889,542.6506,20395.00,1166.50,44104.20
1401,47.067143443,15.493487759,542.2022,20395.00,1166.70,44104.20
1402,47.067144366,15.493486339,542.34,20395.00,1166.50,44104.20
1403,47.067146598,15.493489984,543.0577,20394.90,1166.50,44104.30
1404,47.067145379,15.493492928,542.009,20394.90,1166.80,44104.30
1405,47.067144116,15.493492345,541.1149,20395.30,1166.30,44104.40
1406,47.067144900,15.493496073,539.7276,20395.20,1166.10,44104.40
1407,47.067140889,15.493492252,539.1818,20395.60,1166.30,44104.40
1408,47.067138401,15.493488963,539.9876,20395.80,1166.00,44104.40
1409,47.067141673,15.493489228,540.6392,20396.20,1166.30,44104.30
1410,47.067146884,15.493497838,540.3997,20396.70,1166.80,44104.20
1411,47.067142204,15.493494924,540.9368,20397.00,1167.40,44104.10
1412,47.067140342,15.493489940,541.7064,20397.50,1167.70,44104.10
1413,47.067141457,15.493488471,541.8703,20397.40,1168.30,44104.00
1414,47.067147971,15.493488215,541.8082,20397.00,1168.90,44103.90
1415,47.067146499,15.493483740,542.3722,20397.10,1169.20,44103.90
1416,47.067144639,15.493486679,542.2937,20396.40,1169.80,44103.90
1417,47.067149299,15.493496115,541.6863,20396.20,1170.50,44103.90
1418,47.067155200,15.493499833,540.4631,20396.00,1170.70,44104.00
1419,47.067153478,15.493496589,540.7569,20395.70,1170.90,44104.10
1420,47.067151685,15.493495050,541.224,20395.50,1170.90,44104.10
1421,47.067151093,15.493494568,541.3236,20395.30,1170.80,44104.20
1422,47.067148606,15.493492679,541.2804,20395.10,1170.60,44104.30
1423,47.067149615,15.493489798,541.6062,20395.00,1170.10,44104.30
1424,47.067137028,15.493480124,542.2092,20395.00,1169.70,44104.40
1425,47.067144624,15.493484429,541.9164,20395.30,1169.60,44104.40
1426,47.067145093,15.493485977,542.0572,20395.30,1169.60,44104.30
1427,47.067138037,15.493480248,542.0341,20395.60,1169.50,44104.30
1428,47.067142336,15.493481666,542.2714,20395.70,1169.50,44104.30
1429,47.067145967,15.493482319,542.4151,20396.10,1169.30,44104.20
1430,47.067138238,15.493478034,543.1187,20396.10,1169.20,44104.20
1431,47.067141029,15.493481523,542.2265,20396.50,1169.00,44104.20
1432,47.067144351,15.493485111,541.8732,20396.80,1168.90,44104.10
1433,47.067139277,15.493486383,542.1343,20397.30,1169.50,44104.00
1434,47.067130652,15.493478889,542.6052,20397.60,1169.80,44103.80
1435,47.067136069,15.493482078,541.3579,20398.30,1170.20,44103.70
1436,47.067139039,15.493481277,540.76,20398.60,1170.70,44103.60
1437,47.067130920,15.493475045,540.8848,20399.00,1170.90,44103.60
1438,47.067146671,15.493482382,543.6964,20399.10,1171.10,44103.60
1439,47.067146687,15.493483447,542.8605,20399.20,1171.20,44103.50
